-- MySQL dump 10.13  Distrib 8.0.36, for Win64 (x86_64)
--
-- Host: localhost    Database: qllt
-- ------------------------------------------------------
-- Server version	8.0.29

/*!40101 SET @OLD_CHARACTER_SET_CLIENT=@@CHARACTER_SET_CLIENT */;
/*!40101 SET @OLD_CHARACTER_SET_RESULTS=@@CHARACTER_SET_RESULTS */;
/*!40101 SET @OLD_COLLATION_CONNECTION=@@COLLATION_CONNECTION */;
/*!50503 SET NAMES utf8 */;
/*!40103 SET @OLD_TIME_ZONE=@@TIME_ZONE */;
/*!40103 SET TIME_ZONE='+00:00' */;
/*!40014 SET @OLD_UNIQUE_CHECKS=@@UNIQUE_CHECKS, UNIQUE_CHECKS=0 */;
/*!40014 SET @OLD_FOREIGN_KEY_CHECKS=@@FOREIGN_KEY_CHECKS, FOREIGN_KEY_CHECKS=0 */;
/*!40101 SET @OLD_SQL_MODE=@@SQL_MODE, SQL_MODE='NO_AUTO_VALUE_ON_ZERO' */;
/*!40111 SET @OLD_SQL_NOTES=@@SQL_NOTES, SQL_NOTES=0 */;
/*!40101 SET @saved_cs_client     = @@character_set_client */;
/*!50503 SET character_set_client = utf8mb4 */;
CREATE TABLE IF NOT EXISTS `crawl` (
  `magv` int NOT NULL,
  `hocky` text NOT NULL,
  PRIMARY KEY (`magv`)
) ENGINE=InnoDB DEFAULT CHARSET=utf8mb3;
/*!40101 SET character_set_client = @saved_cs_client */;

--
-- Dumping data for table `crawl`
--

INSERT INTO `crawl` (`magv`, `hocky`) VALUES (374,'40');

--
-- Table structure for table `data_crawl_from_vlute_ems`
--

/*!40101 SET @saved_cs_client     = @@character_set_client */;
/*!50503 SET character_set_client = utf8mb4 */;
CREATE TABLE IF NOT EXISTS `data_crawl_from_vlute_ems` (
  `thu` text NOT NULL,
  `ma_hoc_phan` varchar(255) NOT NULL,
  `key_thu` int DEFAULT NULL,
  `ten_hoc_phan` text NOT NULL,
  `giang_vien` text NOT NULL,
  `phong` text NOT NULL,
  `tuan_hoc` text NOT NULL,
  `ngay_hoc` text,
  `id_giang_vien` int NOT NULL,
  `id_hoc_ky` int NOT NULL,
  PRIMARY KEY (`ma_hoc_phan`),
  KEY `fk1` (`id_giang_vien`),
  KEY `fk2` (`id_hoc_ky`),
  CONSTRAINT `fk1` FOREIGN KEY (`id_giang_vien`) REFERENCES `giang_vien` (`id_giang_vien`) ON DELETE CASCADE ON UPDATE CASCADE,
  CONSTRAINT `fk2` FOREIGN KEY (`id_hoc_ky`) REFERENCES `hoc_ky` (`id`) ON DELETE CASCADE ON UPDATE CASCADE
) ENGINE=InnoDB DEFAULT CHARSET=utf8mb3;
/*!40101 SET character_set_client = @saved_cs_client */;

--
-- Dumping data for table `data_crawl_from_vlute_ems`
--

INSERT INTO `data_crawl_from_vlute_ems` (`thu`, `ma_hoc_phan`, `key_thu`, `ten_hoc_phan`, `giang_vien`, `phong`, `tuan_hoc`, `ngay_hoc`, `id_giang_vien`, `id_hoc_ky`) VALUES ('Thứ 6','192_1TH1309_(BT)_03 (28 sv)',6,'TH1309_(BT) - Lập trình Java (BT) (0.0)','GV:Trần Thị Kim Ngân','Phòng:A207-Máy tính 4(Ca 1,06g30 - 09g15)','Tuần học: -------- 19- 20- 21- 22- 23- 24- 25- 26- 27- 28','Ngày học: 08/05, 15/05, 22/05, 29/05, 05/06, 12/06, 19/06, 26/06, 03/07, 10/07',411,24),('Thứ 2','192_1TH1309_(BT)_05 (19 sv)',2,'TH1309_(BT) - Lập trình Java (BT) (0.0)','GV:Trần Thị Kim Ngân','Phòng:A204-Máy tính 3(Ca 1,06g30 - 09g15)','Tuần học: -------- 19- 20- 21- 22- 23- 24- 25- 26- 27- 28','Ngày học: 04/05, 11/05, 18/05, 25/05, 01/06, 08/06, 15/06, 22/06, 29/06, 06/07',411,24),('Thứ 3','192_1TH1336_(BT)_04 (32 sv)',3,'TH1336_(BT) - Lập trình Web (BT) (0.0)','GV:Trần Thị Kim Ngân','Phòng:C0604-Máy tính 8(Ca 3 - 4,12g30 - 18g15)','Tuần học: -------- 19- 20- 21- 22- 23- 24- 25- 26- 27- 28','Ngày học: 05/05, 12/05, 19/05, 26/05, 02/06, 09/06, 16/06, 23/06, 30/06, 07/07',411,24),('Thứ 5','192_1TH1336_(BT)_05 (17 sv)',5,'TH1336_(BT) - Lập trình Web (BT) (0.0)','GV:Trần Thị Kim Ngân','Phòng:A206-Máy tính 6(Ca 3 - 4,12g30 - 18g15)','Tuần học: -------- 19- 20- 21- 22- 23- 24- 25- 26- 27- 28','Ngày học: 07/05, 14/05, 21/05, 28/05, 04/06, 11/06, 18/06, 25/06, 02/07, 09/07',411,24),('Thứ 5','2010_1TH1522_04 (30 sv)',5,'TH1522 - Tin học ứng dụng (0.2)','GV:Trần Thị Kim Ngân','Phòng:A201-Máy tính 1(Ca 1 - 2,06g30 - 12g15)','Tuần học: ---- 39- 40- 41- 42- 43- 44- 45- 46- 47- 48','Ngày học: 24/09, 01/10, 08/10, 15/10, 22/10, 29/10, 05/11, 12/11, 19/11, 26/11',411,25),('Thứ 4','2011_1TH1326_(BT)_02 (20 sv)',4,'TH1326_(BT) - Tương tác người máy (BT) (0.0)','GV:Trần Thị Kim Ngân','Phòng:A207-Máy tính 4(Ca 2,09g30 - 12g15)','Tuần học: ------- 42- 43- 44- 45- 46- 47- 48- 49- 50- 51','Ngày học: 14/10, 21/10, 28/10, 04/11, 11/11, 18/11, 25/11, 02/12, 09/12, 16/12',411,25),('Thứ 2','2011_1TH1337_(BT)_02 (29 sv)',2,'TH1337_(BT) - Lập trình dotNET (BT) (0.0)','GV:Trần Thị Kim Ngân','Phòng:C0604-Máy tính 8(Ca 1 - 2,06g30 - 12g15)','Tuần học: ------- 42- 43- 44- 45- 46- 47- 48- 49- 50- 51','Ngày học: 12/10, 19/10, 26/10, 02/11, 09/11, 16/11, 23/11, 30/11, 07/12, 14/12',411,25),('Thứ 6','2011_1TH1337_(BT)_03 (31 sv)',6,'TH1337_(BT) - Lập trình dotNET (BT) (0.0)','GV:Trần Thị Kim Ngân','Phòng:A206-Máy tính 6(Ca 3 - 4,12g30 - 18g15)','Tuần học: ------- 42- 43- 44- 45- 46-- 48- 49- 50- 51- 52','Ngày học: 16/10, 23/10, 30/10, 06/11, 13/11, 27/11, 04/12, 11/12, 18/12, 25/12',411,25),('Thứ 5','202_1TH1207_(BT)_03 (33 sv)',5,'TH1207_(BT) - Cơ sở dữ liệu (BT) (0.0)','GV:Trần Thị Kim Ngân','Phòng:C0605-Máy tính 9(Ca 1,06g30 - 09g00)','Tuần học: ----- 17- 18- 19- 20- 21- 22- 23- 24- 25- 26','Ngày học: 22/04, 29/04, 06/05, 13/05, 20/05, 27/05, 03/06, 10/06, 17/06, 24/06',411,27),('Thứ 7','202_1TH1227_(BT)_07 (22 sv)',7,'TH1227_(BT) - Biên tập và soạn thảo văn bản (BT) (0.0)','GV:Trần Thị Kim Ngân','Phòng:A204-Máy tính 3(Ca 3 - 4,12g30 - 17g30)','Tuần học: ----- 17-- 19- 20- 21- 22','Ngày học: 24/04, 08/05, 15/05, 22/05, 29/05',411,27),('Thứ 2','202_1TH1305_(BT)_01 (32 sv)',2,'TH1305_(BT) - PTTK hệ thống thông tin (BT) (0.0)','GV:Phan Anh Cang','Phòng:A204-Máy tính 3(Ca 1,06g30 - 09g00)','Tuần học: ----- 17- 18-- 20- 21- 22- 23- 24- 25- 26- 27','Ngày học: 19/04, 26/04, 10/05, 17/05, 24/05, 31/05, 07/06, 14/06, 21/06, 28/06',171,27),('Thứ 5','202_1TH1305_01 (32 sv)',5,'TH1305 - PTTK hệ thống thông tin (2.1)','GV:Phan Anh Cang','Phòng:C0603 - Phòng máy tính(Tiết 1 - 2,07g00 - 08g20)','Tuần học: 12- 13- 14- 15- 16- 17- 18- 19- 20- 21- 22- 23- 24- 25- 26','Ngày học: 18/03, 25/03, 01/04, 08/04, 15/04, 22/04, 29/04, 06/05, 13/05, 20/05, 27/05, 03/06, 10/06, 17/06, 24/06',171,27),('Thứ 5','202_1TH1309_(BT)_02 (20 sv)',5,'TH1309_(BT) - Lập trình Java (BT) (0.0)','GV:Trần Thị Kim Ngân','Phòng:A202-Máy tính 2(Ca 3,12g30 - 15g00)','Tuần học: ----- 17- 18- 19- 20- 21- 22- 23- 24- 25- 26','Ngày học: 22/04, 29/04, 06/05, 13/05, 20/05, 27/05, 03/06, 10/06, 17/06, 24/06',411,27),('Thứ 6','202_1TH1309_(BT)_03 (28 sv)',6,'TH1309_(BT) - Lập trình Java (BT) (0.0)','GV:Trần Thị Kim Ngân','Phòng:A206-Máy tính 6(Ca 3,12g30 - 15g00)','Tuần học: ---- 16- 17-- 19- 20- 21- 22- 23- 24- 25- 26','Ngày học: 16/04, 23/04, 07/05, 14/05, 21/05, 28/05, 04/06, 11/06, 18/06, 25/06',411,27),('Thứ 3','202_1TH1309_(BT)_04 (21 sv)',3,'TH1309_(BT) - Lập trình Java (BT) (0.0)','GV:Trần Thị Kim Ngân','Phòng:A202-Máy tính 2(Ca 4,15g20 - 17g30)','Tuần học: ----- 17- 18- 19- 20- 21- 22- 23- 24- 25- 26','Ngày học: 20/04, 27/04, 04/05, 11/05, 18/05, 25/05, 01/06, 08/06, 15/06, 22/06',411,27),('Thứ 4','202_1TH1322_(BT) (23 sv)',4,'TH1322_(BT) - Đảm bảo chất lượng phần mềm (BT) (0.0)','GV:Trần Thị Kim Ngân','Phòng:C0605-Máy tính 9(Ca 2,09g20 - 11g30)','Tuần học: ---- 16-- 18- 19- 20- 21- 22- 23- 24- 25- 26','Ngày học: 14/04, 28/04, 05/05, 12/05, 19/05, 26/05, 02/06, 09/06, 16/06, 23/06',411,27),('Thứ 3','202_1TH1333_01 (56 sv)',3,'TH1333 - Trí tuệ nhân tạo (2.1)','GV:Phan Anh Cang','Phòng:C0603 - Phòng máy tính(Tiết 1 - 2,07g00 - 08g20)','Tuần học: 12- 13- 14- 15- 16- 17- 18- 19- 20- 21- 22- 23- 24- 25- 26','Ngày học: 16/03, 23/03, 30/03, 06/04, 13/04, 20/04, 27/04, 04/05, 11/05, 18/05, 25/05, 01/06, 08/06, 15/06, 22/06',171,27),('Thứ 5','202_1TH1333_02 (51 sv)',5,'TH1333 - Trí tuệ nhân tạo (2.1)','GV:Phan Anh Cang','Phòng:C0602 - Phòng máy tính(Tiết 6 - 7,13g00 - 14g20)','Tuần học: 12- 13- 14- 15- 16- 17- 18- 19- 20- 21- 22- 23- 24- 25- 26','Ngày học: 18/03, 25/03, 01/04, 08/04, 15/04, 22/04, 29/04, 06/05, 13/05, 20/05, 27/05, 03/06, 10/06, 17/06, 24/06',171,27),('Thứ 5','202_1TH1333_03 (48 sv)',5,'TH1333 - Trí tuệ nhân tạo (2.1)','GV:Phan Anh Cang','Phòng:C0705(Tiết 9 - 10,15g30 - 16g50)','Tuần học: 12- 13- 14- 15- 16- 17- 18- 19- 20- 21- 22- 23- 24- 25- 26','Ngày học: 18/03, 25/03, 01/04, 08/04, 15/04, 22/04, 29/04, 06/05, 13/05, 20/05, 27/05, 03/06, 10/06, 17/06, 24/06',171,27),('Thứ 2','202_1TH1336_(BT)_02 (32 sv)',2,'TH1336_(BT) - Lập trình Web (BT) (0.0)','GV:Trần Thị Kim Ngân','Phòng:A207-Máy tính 4(Ca 3 - 4,12g30 - 17g30)','Tuần học: ----- 17- 18-- 20- 21- 22- 23- 24- 25- 26- 27','Ngày học: 19/04, 26/04, 10/05, 17/05, 24/05, 31/05, 07/06, 14/06, 21/06, 28/06',411,27),('Ngoài giờ học','202_1TH1508_05 (20 sv)',1,'TH1508 - Đồ án CNTT 2 (0.1)','GV:Phan Anh Cang','Phòng:SV liên hệ GV hướng dẫn(Tiết 3 - 4,08g40 - 10g10)','Tuần học: 12- 13- 14- 15- 16- 17- 18- 19- 20- 21- 22- 23- 24- 25- 26',NULL,171,27),('Ngoài giờ học','202_1TH1602_01 (3 sv)',1,'TH1602 - Khóa luận tốt nghiệp (0.10)','GV:Phan Anh Cang','Phòng:SV liên hệ GV hướng dẫn(Tiết 1 - 2,07g00 - 08g20)','Tuần học: 12- 13- 14- 15- 16- 17- 18- 19- 20- 21- 22- 23- 24- 25- 26',NULL,171,27),('Thứ 6','202_1TH1608_(BT)_01 (34 sv)',6,'TH1608_(BT) - Chuyên đề về CNTT (BT) (0.0)','GV:Phan Anh Cang','Phòng:C0604-Máy tính 8(Ca 1 - 2,06g30 - 11g30)','Tuần học: ---- 16- 17-- 19- 20- 21- 22- 23- 24- 25- 26','Ngày học: 16/04, 23/04, 07/05, 14/05, 21/05, 28/05, 04/06, 11/06, 18/06, 25/06',171,27),('Thứ 4','202_1TH1608_(BT)_03 (32 sv)',4,'TH1608_(BT) - Chuyên đề về CNTT (BT) (0.0)','GV:Phan Anh Cang','Phòng:C0604-Máy tính 8(Ca 1 - 2,06g30 - 11g30)','Tuần học: ---- 16-- 18- 19- 20- 21- 22- 23- 24- 25- 26','Ngày học: 14/04, 28/04, 05/05, 12/05, 19/05, 26/05, 02/06, 09/06, 16/06, 23/06',171,27),('Thứ 2','202_1TH1608_01 (48 sv)',2,'TH1608 - Chuyên đề về CNTT (2.2)','GV:Phan Anh Cang','Phòng:C0602 - Phòng máy tính(Tiết 9 - 10,15g30 - 16g50)','Tuần học: 12- 13- 14- 15- 16- 17- 18-- 20- 21- 22- 23- 24- 25- 26- 27','Ngày học: 15/03, 22/03, 29/03, 05/04, 12/04, 19/04, 26/04, 10/05, 17/05, 24/05, 31/05, 07/06, 14/06, 21/06, 28/06',171,27),('Thứ 4','203_1TH1227_(BT)_01 (29 sv)',4,'TH1227_(BT) - Biên tập và soạn thảo văn bản (BT) (0.0)','GV:Trần Thị Kim Ngân','Phòng:C0605-Máy tính 9(Ca 1 - 2,06g30 - 11g30)','Tuần học: 3- 4- 5- 6--- 9','Ngày học: 13/01, 20/01, 27/01, 03/02, 24/02',411,26),('Thứ 3','203_1TH1227_(BT)_02 (29 sv)',3,'TH1227_(BT) - Biên tập và soạn thảo văn bản (BT) (0.0)','GV:Trần Thị Kim Ngân','Phòng:C0604-Máy tính 8(Ca 3 - 4,12g30 - 17g30)','Tuần học: - 4- 5- 6--- 9- 10','Ngày học: 19/01, 26/01, 02/02, 23/02, 02/03',411,26),('Thứ 2','204_1TH1309_(BT) (9 sv)',2,'TH1309_(BT) - Lập trình Java (BT) (0.0)','GV:Trần Thị Kim Ngân','Phòng:C0605-Máy tính 9(Ca 5,18g30 - 20g40)','Tuần học: -- 31- 32- 33- 34- 35','Ngày học: 26/07, 02/08, 09/08, 16/08, 23/08',411,28),('Thứ 4','204_1TH1322_(BT)_01 (21 sv)',4,'TH1322_(BT) - Đảm bảo chất lượng phần mềm (BT) (0.0)','GV:Trần Thị Kim Ngân','Phòng:A202-Máy tính 2(Ca 1 - 2,06g30 - 11g30)','Tuần học: -- 31- 32- 33- 34- 35','Ngày học: 28/07, 04/08, 11/08, 18/08, 25/08',411,28),('Thứ 6','204_1TH1323_(BT)_01 (27 sv)',6,'TH1323_(BT) - Kiểm thử phần mềm (BT) (0.0)','GV:Trần Thị Kim Ngân','Phòng:C0604-Máy tính 8(Ca 3 - 4,12g30 - 17g30)','Tuần học: - 30- 31- 32- 33- 34','Ngày học: 23/07, 30/07, 06/08, 13/08, 20/08',411,28),('Thứ 5','2110_1TH1326_(BT)_01 (32 sv)',5,'TH1326_(BT) - Tương tác người máy (BT) (0.0)','GV:Trần Thị Kim Ngân','Phòng:TÀI KHOẢN CÁ NHÂN(Ca 1 - 2,06g30 - 11g30)','Tuần học: ---------------- 48- 49- 50- 51- 52','Ngày học: 25/11, 02/12, 09/12, 16/12, 23/12',411,29),('Thứ 2','2110_1TH1326_(BT)_02 (31 sv)',2,'TH1326_(BT) - Tương tác người máy (BT) (0.0)','GV:Trần Thị Kim Ngân','Phòng:TÀI KHOẢN CÁ NHÂN(Ca 1 - 2,06g30 - 11g30)','Tuần học: ------------- 45- 46- 47','Ngày học: 01/11, 08/11, 15/11',411,29),('Thứ 7','2110_1TH1336_(BT)_01 (32 sv)',7,'TH1336_(BT) - Lập trình Web (BT) (0.0)','GV:Trần Thị Kim Ngân','Phòng:TÀI KHOẢN CÁ NHÂN(Ca 1 - 2,06g30 - 11g30)','Tuần học: ---------------- 48- 49- 50- 51- 52','Ngày học: 27/11, 04/12, 11/12, 18/12, 25/12',411,29),('Thứ 4','2110_1TH1336_(BT)_03 (30 sv)',4,'TH1336_(BT) - Lập trình Web (BT) (0.0)','GV:Trần Thị Kim Ngân','Phòng:TÀI KHOẢN CÁ NHÂN(Ca 1 - 2,06g30 - 11g30)','Tuần học: ------------- 45- 46- 47- 48- 49- 50- 51- 52','Ngày học: 03/11, 10/11, 17/11, 24/11, 01/12, 08/12, 15/12, 22/12',411,29),('Thứ 6','2110_1TH1336_(BT)_04 (33 sv)',6,'TH1336_(BT) - Lập trình Web (BT) (0.0)','GV:Trần Thị Kim Ngân','Phòng:TÀI KHOẢN CÁ NHÂN(Ca 3 - 4,12g30 - 17g30)','Tuần học: ------------- 45- 46- 47- 48- 49- 50- 51- 52','Ngày học: 05/11, 12/11, 19/11, 26/11, 03/12, 10/12, 17/12, 24/12',411,29),('Thứ 2','2110_1TH1349_(BT)_02 (31 sv)',2,'TH1349_(BT) - Quản lý dự án phần mềm (BT) (0.0)','GV:Trần Thị Kim Ngân','Phòng:TÀI KHOẢN CÁ NHÂN(Ca 3 - 4,12g30 - 17g30)','Tuần học: ------------- 45- 46- 47','Ngày học: 01/11, 08/11, 15/11',411,29),('Thứ 3','212_1TH1207_(BT)_KS2A_01_tructiep (33 sv)',3,'TH1207_(BT) - Cơ sở dữ liệu (BT) (0.0)','GV:Trần Thị Kim Ngân','Phòng:A201-Máy tính 1(Ca 4,15g20 - 17g30)','Tuần học: -------- 20- 21- 22- 23- 24- 25-- 27','Ngày học: 10/05, 17/05, 24/05, 31/05, 07/06, 14/06, 28/06',411,31),('Thứ 2','212_1TH1338_(BT)_KS2A_01_tructiep (30 sv)',2,'TH1338_(BT) - Lập trình ứng dụng cho thiết bị di động (BT) (0.0)','GV:Trần Thị Kim Ngân','Phòng:A204-Máy tính 3(Ca 1 - 2,06g30 - 11g30)','Tuần học: ----- 17- 18-- 20- 21- 22- 23- 24- 25-- 27','Ngày học: 18/04, 25/04, 09/05, 16/05, 23/05, 30/05, 06/06, 13/06, 27/06',411,31),('Thứ 5','212_1TH1338_(BT)_KS2A_02_tructiep (27 sv)',5,'TH1338_(BT) - Lập trình ứng dụng cho thiết bị di động (BT) (0.0)','GV:Trần Thị Kim Ngân','Phòng:A202-Máy tính 2(Ca 1 - 2,06g30 - 11g30)','Tuần học: ----- 17- 18- 19- 20- 21- 22- 23- 24- 25','Ngày học: 21/04, 28/04, 05/05, 12/05, 19/05, 26/05, 02/06, 09/06, 16/06',411,31),('Thứ 2','212_1TH1373_(BT)_KS2A_01_tructiep (16 sv)',2,'TH1373_(BT) - Phát triển ứng dụng Web (BT) (0.0)','GV:Trần Thị Kim Ngân','Phòng:C0603 - Phòng máy tính(Ca 3 - 4,12g30 - 17g30)','Tuần học: ----- 17- 18-- 20- 21- 22- 23- 24- 25-- 27','Ngày học: 18/04, 25/04, 09/05, 16/05, 23/05, 30/05, 06/06, 13/06, 27/06',411,31),('Thứ 4','212_1TH1374_(BT)_KS2A_01_tructiep (28 sv)',4,'TH1374_(BT) - Phát triển ứng dụng cho thiết bị di động (BT) (0.0)','GV:Trần Thị Kim Ngân','Phòng:A207-Máy tính 4(Ca 1 - 2,06g30 - 11g30)','Tuần học: --------------- 27','Ngày học: 29/06',411,31),('Thứ 6','212_1TH1376_(BT)_KS2A_04_tructiep (24 sv)',6,'TH1376_(BT) - Sensor và ứng dụng (BT) (0.0)','GV:Trần Thị Kim Ngân','Phòng:C0603 - Phòng máy tính(Ca 1 - 2,06g30 - 11g30)','Tuần học: ----- 17- 18- 19- 20- 21- 22- 23- 24- 25- 26','Ngày học: 22/04, 29/04, 06/05, 13/05, 20/05, 27/05, 03/06, 10/06, 17/06, 24/06',411,31),('Thứ 3','212_1TH1376_(BT)_KS2A_08_tructiep (21 sv)',3,'TH1376_(BT) - Sensor và ứng dụng (BT) (0.0)','GV:Trần Thị Kim Ngân','Phòng:A204-Máy tính 3(Ca 1 - 2,06g30 - 11g30)','Tuần học: ----- 17- 18-- 20- 21- 22- 23- 24- 25-- 27','Ngày học: 19/04, 26/04, 10/05, 17/05, 24/05, 31/05, 07/06, 14/06, 28/06',411,31),('Thứ 7','221D_1TH1338_(BT)_K46_VL (20 sv)',7,'TH1338_(BT) - Lập trình ứng dụng cho thiết bị di động (BT) (0.0)','GV:Trần Thị Kim Ngân','Phòng:A206-Máy tính 6(Ca 1 - 4,06g30 - 17g30)','Tuần học: ------------------ 30- 31','Ngày học: 22/07, 29/07',411,35),('Thứ 7','221D_1TH1338_K46_VL (20 sv)',7,'TH1338 - Lập trình ứng dụng cho thiết bị di động (2.2)','GV:Trần Thị Kim Ngân','Phòng:C0704(Tiết 1 - 8,07g00 - 15g20)','Tuần học: ----- 17- 18','Ngày học: 22/04, 29/04',411,35),('Thứ 2','221_1SHL_13_ctt (75 sv)',2,'TB0002 - Sinh hoạt lớp (CVHT)','GV:Trần Thị Kim Ngân','Phòng:C0102(Tiết 10,16g10 - 16g50)','Tuần học: -- 39','Ngày học: 19/09',411,33),('Thứ 5','221_1SHL_14_ctt (75 sv)',5,'TB0002 - Sinh hoạt lớp (CVHT)','GV:Trần Thị Kim Ngân','Phòng:C0906(Tiết 2,07g40 - 08g20)','Tuần học: -- 39','Ngày học: 22/09',411,33),('Thứ 4','221_1TH1206_(BT)_KS2A_01_tructiep (29 sv)',4,'TH1206_(BT) - Cấu trúc DL & GT (BT) (0.0)','GV:Hồ Chí Hưng','Phòng:A206-Máy tính 6(Ca 2,09g20 - 11g30)','Tuần học: -------- 45- 46- 47- 48- 49- 50- 51','Ngày học: 02/11, 09/11, 16/11, 23/11, 30/11, 07/12, 14/12',1513,33),('Thứ 3','221_1TH1206_(BT)_KS2A_05_tructiep (28 sv)',3,'TH1206_(BT) - Cấu trúc DL & GT (BT) (0.0)','GV:Hồ Chí Hưng','Phòng:A208-Máy tính 5(Ca 4,15g20 - 17g30)','Tuần học: -------- 45- 46- 47- 48- 49- 50- 51','Ngày học: 01/11, 08/11, 15/11, 22/11, 29/11, 06/12, 13/12',1513,33),('Thứ 2','221_1TH1206_(BT)_KS2A_06_tructiep (27 sv)',2,'TH1206_(BT) - Cấu trúc DL & GT (BT) (0.0)','GV:Hồ Chí Hưng','Phòng:C0604-Máy tính 8(Ca 2,09g20 - 11g30)','Tuần học: -------- 45- 46- 47- 48- 49- 50- 51','Ngày học: 31/10, 07/11, 14/11, 21/11, 28/11, 05/12, 12/12',1513,33),('Thứ 4','221_1TH1227_(BT)_K47_05_tructiep (30 sv)',4,'TH1227_(BT) - Biên tập và soạn thảo văn bản (BT) (0.0)','GV:Trần Thị Kim Ngân','Phòng:A208-Máy tính 5(Ca 1 - 2,06g30 - 11g30)','Tuần học: ----- 42- 43- 44- 45- 46','Ngày học: 12/10, 19/10, 26/10, 02/11, 09/11',411,33),('Thứ 6','221_1TH1305_(BT)_KS2A_07_tructiep (28 sv)',6,'TH1305_(BT) - PTTK hệ thống thông tin (BT) (0.0)','GV:Trần Thị Kim Ngân','Phòng:A207-Máy tính 4(Ca 1,06g30 - 09g00)','Tuần học: ----- 42- 43- 44- 45- 46- 47- 48- 49- 50- 51','Ngày học: 14/10, 21/10, 28/10, 04/11, 11/11, 18/11, 25/11, 02/12, 09/12, 16/12',411,33),('Thứ 6','221_1TH1322_(BT)_KS2A_tructiep (14 sv)',6,'TH1322_(BT) - Đảm bảo chất lượng phần mềm (BT) (0.0)','GV:Trần Thị Kim Ngân','Phòng:A202-Máy tính 2(Ca 2,09g20 - 11g30)','Tuần học: ----- 42- 43- 44- 45- 46- 47- 48- 49- 50- 51','Ngày học: 14/10, 21/10, 28/10, 04/11, 11/11, 18/11, 25/11, 02/12, 09/12, 16/12',411,33),('Thứ 7','221_1TH1323_(BT)_KS2A_tructiep (7 sv)',7,'TH1323_(BT) - Kiểm thử phần mềm (BT) (0.0)','GV:Trần Thị Kim Ngân','Phòng:A208-Máy tính 5(Ca 1,06g30 - 09g00)','Tuần học: ----- 42- 43- 44- 45- 46- 47- 48- 49- 50- 51','Ngày học: 15/10, 22/10, 29/10, 05/11, 12/11, 19/11, 26/11, 03/12, 10/12, 17/12',411,33),('Thứ 5','221_1TH1326_(BT)_KS2A_tructiep (15 sv)',5,'TH1326_(BT) - Tương tác người máy (BT) (0.0)','GV:Trần Thị Kim Ngân','Phòng:A202-Máy tính 2(Ca 2,09g20 - 11g30)','Tuần học: ----- 42- 43- 44- 45- 46- 47- 48- 49- 50- 51','Ngày học: 13/10, 20/10, 27/10, 03/11, 10/11, 17/11, 24/11, 01/12, 08/12, 15/12',411,33),('Thứ 4','221_1TH1335_(BT)_KS2A_03_tructiep (29 sv)',4,'TH1335_(BT) - Xử lý ảnh (BT) (0.0)','GV:Hồ Chí Hưng','Phòng:C0602 - Phòng máy tính(Ca 4,15g20 - 17g30)','Tuần học: -------- 45- 46- 47- 48- 49- 50- 51','Ngày học: 02/11, 09/11, 16/11, 23/11, 30/11, 07/12, 14/12',1513,33),('Thứ 6','221_1TH1335_(BT)_KS2A_07_tructiep (28 sv)',6,'TH1335_(BT) - Xử lý ảnh (BT) (0.0)','GV:Hồ Chí Hưng','Phòng:C0602 - Phòng máy tính(Ca 2,09g20 - 11g30)','Tuần học: -------- 45- 46- 47- 48- 49- 50- 51','Ngày học: 04/11, 11/11, 18/11, 25/11, 02/12, 09/12, 16/12',1513,33),('Thứ 4','221_1TH1338_(BT)_KS2A_05_tructiep (30 sv)',4,'TH1338_(BT) - Lập trình ứng dụng cho thiết bị di động (BT) (0.0)','GV:Trần Thị Kim Ngân','Phòng:A204-Máy tính 3(Ca 3 - 4,12g30 - 17g30)','Tuần học: ----- 42- 43- 44- 45- 46- 47- 48- 49- 50- 51','Ngày học: 12/10, 19/10, 26/10, 02/11, 09/11, 16/11, 23/11, 30/11, 07/12, 14/12',411,33),('Thứ 2','221_1TH1338_(BT)_KS2A_06_tructiep (15 sv)',2,'TH1338_(BT) - Lập trình ứng dụng cho thiết bị di động (BT) (0.0)','GV:Trần Thị Kim Ngân','Phòng:A206-Máy tính 6(Ca 3 - 4,12g30 - 17g30)','Tuần học: ----- 42- 43- 44- 45- 46- 47- 48- 49- 50- 51','Ngày học: 10/10, 17/10, 24/10, 31/10, 07/11, 14/11, 21/11, 28/11, 05/12, 12/12',411,33),('Thứ 3','221_1TH1338_(BT)_KS2A_07_tructiep (30 sv)',3,'TH1338_(BT) - Lập trình ứng dụng cho thiết bị di động (BT) (0.0)','GV:Trần Thị Kim Ngân','Phòng:A206-Máy tính 6(Ca 1 - 2,06g30 - 11g30)','Tuần học: ----- 42- 43- 44','Ngày học: 11/10, 18/10, 25/10',411,33),('Thứ 3','221_1TH1338_(BT)_KS2A_08_tructiep (30 sv)',3,'TH1338_(BT) - Lập trình ứng dụng cho thiết bị di động (BT) (0.0)','GV:Trần Thị Kim Ngân','Phòng:C0603 - Phòng máy tính(Ca 3 - 4,12g30 - 17g30)','Tuần học: ----- 42- 43- 44- 45- 46- 47- 48- 49- 50- 51','Ngày học: 11/10, 18/10, 25/10, 01/11, 08/11, 15/11, 22/11, 29/11, 06/12, 13/12',411,33),('Thứ 2','221_1TH1338_KS2A_03_tructiep (72 sv)',2,'TH1338 - Lập trình ứng dụng cho thiết bị di động (2.2)','GV:Trần Thị Kim Ngân','Phòng:C0104(Tiết 4 - 5,09g30 - 10g50)','Tuần học: 37- 38- 39- 40- 41- 42- 43- 44- 45- 46- 47- 48- 49- 50','Ngày học: 05/09, 12/09, 19/09, 26/09, 03/10, 10/10, 17/10, 24/10, 31/10, 07/11, 14/11, 21/11, 28/11, 05/12',411,33),('Thứ 5','221_1TH1374_(BT)_KS2A_01_tructiep (29 sv)',5,'TH1374_(BT) - Phát triển ứng dụng cho thiết bị di động (BT) (0.0)','GV:Trần Thị Kim Ngân','Phòng:C0603 - Phòng máy tính(Ca 3 - 4,12g30 - 17g30)','Tuần học: ----- 42- 43- 44- 45- 46- 47- 48- 49- 50- 51','Ngày học: 13/10, 20/10, 27/10, 03/11, 10/11, 17/11, 24/11, 01/12, 08/12, 15/12',411,33),('Thứ 7','221_1TH1374_(BT)_KS2A_02_tructiep (18 sv)',7,'TH1374_(BT) - Phát triển ứng dụng cho thiết bị di động (BT) (0.0)','GV:Trần Thị Kim Ngân','Phòng:A206-Máy tính 6(Ca 3 - 4,12g30 - 17g30)','Tuần học: ----- 42- 43- 44','Ngày học: 15/10, 22/10, 29/10',411,33),('Thứ 5','221_1TH1374_KS2A_tructiep (47 sv)',5,'TH1374 - Phát triển ứng dụng cho thiết bị di động (1.2)','GV:Trần Thị Kim Ngân','Phòng:C0802(Tiết 6 - 8,13g00 - 15g20)','Tuần học: 37- 38- 39- 40- 41','Ngày học: 08/09, 15/09, 22/09, 29/09, 06/10',411,33),('Thứ 7','221_1TH1525_KS2A_02_tructiep (11 sv)',7,'TH1525 - Thiết kế diễn đàn trực tuyến (0.2)','GV:Hồ Chí Hưng','Phòng:C0604-Máy tính 8(Ca 1 - 2,06g30 - 11g30)','Tuần học: -------- 45- 46- 47- 48- 49- 50- 51','Ngày học: 05/11, 12/11, 19/11, 26/11, 03/12, 10/12, 17/12',1513,33),('Thứ 4','222_1TH1207_(BT)_KS2A_02_tructiep (29 sv)',4,'TH1207_(BT) - Cơ sở dữ liệu (BT) (0.0)','GV:Trần Thị Kim Ngân','Phòng:A201-Máy tính 1(Ca 2,09g20 - 11g30)','Tuần học: ----- 17- 18-- 20- 21- 22- 23- 24- 25- 26- 27','Ngày học: 19/04, 26/04, 10/05, 17/05, 24/05, 31/05, 07/06, 14/06, 21/06, 28/06',411,35),('Thứ 3','222_1TH1227_KS2A_03_tructiep (47 sv)',3,'TH1227 - Biên tập và soạn thảo văn bản (1.1)','GV:Trần Thị Kim Ngân','Phòng:B0209(Tiết 6 - 8,13g00 - 15g20)','Tuần học: ----- 17- 18-- 20- 21- 22','Ngày học: 18/04, 25/04, 09/05, 16/05, 23/05',411,35),('Thứ 5','222_1TH1309_(BT)_KS2A_04_tructiep (29 sv)',5,'TH1309_(BT) - Lập trình Java (BT) (0.0)','GV:Trần Thị Kim Ngân','Phòng:C0604-Máy tính 8(Ca 3,12g30 - 15g00)','Tuần học: ----- 17- 18- 19- 20- 21- 22- 23- 24- 25- 26','Ngày học: 20/04, 27/04, 04/05, 11/05, 18/05, 25/05, 01/06, 08/06, 15/06, 22/06',411,35),('Thứ 3','222_1TH1309_(BT)_KS2A_06_tructiep (28 sv)',3,'TH1309_(BT) - Lập trình Java (BT) (0.0)','GV:Trần Thị Kim Ngân','Phòng:C0604-Máy tính 8(Ca 2,09g20 - 11g30)','Tuần học: ----- 17- 18-- 20- 21- 22- 23- 24- 25- 26- 27','Ngày học: 18/04, 25/04, 09/05, 16/05, 23/05, 30/05, 06/06, 13/06, 20/06, 27/06',411,35),('Thứ 6','222_1TH1309_(BT)_KS2A_07_tructiep (26 sv)',6,'TH1309_(BT) - Lập trình Java (BT) (0.0)','GV:Trần Thị Kim Ngân','Phòng:C0604-Máy tính 8(Ca 2,09g20 - 11g30)','Tuần học: ----- 17- 18- 19- 20- 21- 22- 23- 24- 25- 26','Ngày học: 21/04, 28/04, 05/05, 12/05, 19/05, 26/05, 02/06, 09/06, 16/06, 23/06',411,35),('Thứ 5','222_1TH1338_(BT)_KS2A_tructiep (12 sv)',5,'TH1338_(BT) - Lập trình ứng dụng cho thiết bị di động (BT) (0.0)','GV:Trần Thị Kim Ngân','Phòng:A204-Máy tính 3(Ca 3 - 4,12g30 - 17g30)','Tuần học: --------------- 27','Ngày học: 29/06',411,35),('Thứ 5','222_1TH1338_KS2A_tructiep (12 sv)',5,'TH1338 - Lập trình ứng dụng cho thiết bị di động (2.2)','GV:Trần Thị Kim Ngân','Phòng:C0307(Tiết 9 - 10,15g30 - 16g50)','Tuần học: 12- 13- 14- 15- 16- 17- 18- 19- 20- 21- 22- 23- 24- 25- 26','Ngày học: 16/03, 23/03, 30/03, 06/04, 13/04, 20/04, 27/04, 04/05, 11/05, 18/05, 25/05, 01/06, 08/06, 15/06, 22/06',411,35),('Thứ 3','222_1TH1343_(BT)_KS2A_01_tructiep (26 sv)',3,'TH1343_(BT) - Xử lý âm thanh (BT) (0.0)','GV:Trần Thị Kim Ngân','Phòng:A207-Máy tính 4(Ca 1,06g30 - 09g00)','Tuần học: ----- 17- 18-- 20- 21- 22- 23- 24- 25- 26- 27','Ngày học: 18/04, 25/04, 09/05, 16/05, 23/05, 30/05, 06/06, 13/06, 20/06, 27/06',411,35),('Thứ 6','222_1TH1343_(BT)_KS2A_02_tructiep (28 sv)',6,'TH1343_(BT) - Xử lý âm thanh (BT) (0.0)','GV:Trần Thị Kim Ngân','Phòng:C0602 - Phòng máy tính(Ca 1,06g30 - 09g00)','Tuần học: ----- 17- 18- 19- 20- 21- 22- 23- 24- 25- 26','Ngày học: 21/04, 28/04, 05/05, 12/05, 19/05, 26/05, 02/06, 09/06, 16/06, 23/06',411,35),('Thứ 4','222_1TH1343_KS2A_tructiep (54 sv)',4,'TH1343 - Xử lý âm thanh (2.1)','GV:Trần Thị Kim Ngân','Phòng:C0902(Tiết 6 - 7,13g00 - 14g20)','Tuần học: 12- 13- 14- 15- 16- 17- 18-- 20- 21- 22- 23- 24- 25- 26- 27','Ngày học: 15/03, 22/03, 29/03, 05/04, 12/04, 19/04, 26/04, 10/05, 17/05, 24/05, 31/05, 07/06, 14/06, 21/06, 28/06',411,35),('Thứ 3','222_1TH1371_KS2A_tructiep (14 sv)',3,'TH1371 - Công nghệ phần mềm (2.0)','GV:Trần Thị Kim Ngân','Phòng:B0208(Tiết 9 - 10,15g30 - 16g50)','Tuần học: 12- 13- 14- 15- 16- 17- 18-- 20- 21- 22- 23- 24- 25- 26- 27','Ngày học: 14/03, 21/03, 28/03, 04/04, 11/04, 18/04, 25/04, 09/05, 16/05, 23/05, 30/05, 06/06, 13/06, 20/06, 27/06',411,35),('Thứ 6','222_1TH1374_KS2A_tructiep (9 sv)',6,'TH1374 - Phát triển ứng dụng cho thiết bị di động (1.2)','GV:Trần Thị Kim Ngân','Phòng:C0606(Tiết 8 - 10,14g40 - 16g50)','Tuần học: 12- 13- 14- 15- 16','Ngày học: 17/03, 24/03, 31/03, 07/04, 14/04',411,35),('Ngoài giờ học','222_1TH1507_KS3A_13_ngoaigio (15 sv)',1,'TH1507 - Đồ án CNTT 1 (0.1)','GV:Trần Thị Kim Ngân','Phòng:SV LH GV hướng dẫn(Tiết 1 - 2,07g00 - 08g20)','Tuần học: 12- 13- 14- 15- 16- 17- 18- 19- 20- 21- 22- 23- 24- 25- 26',NULL,411,35),('Thứ 2','222_1TH1607_(BT)_KS2A_02_tructiep (29 sv)',2,'TH1607_(BT) - Cơ sở dữ liệu phân tán (BT) (0.0)','GV:Trần Thị Kim Ngân','Phòng:A206-Máy tính 6(Ca 1,06g30 - 09g00)','Tuần học: ----- 17- 18-- 20- 21- 22- 23- 24- 25- 26- 27','Ngày học: 17/04, 24/04, 08/05, 15/05, 22/05, 29/05, 05/06, 12/06, 19/06, 26/06',411,35),('Thứ 2','222_1TH1607_(BT)_KS2A_03_tructiep (29 sv)',2,'TH1607_(BT) - Cơ sở dữ liệu phân tán (BT) (0.0)','GV:Trần Thị Kim Ngân','Phòng:A207-Máy tính 4(Ca 4,15g20 - 17g30)','Tuần học: ----- 17- 18-- 20- 21- 22- 23- 24- 25- 26- 27','Ngày học: 17/04, 24/04, 08/05, 15/05, 22/05, 29/05, 05/06, 12/06, 19/06, 26/06',411,35),('Thứ 7','223_1TH1305_(BT)_KS2A_tructiep (6 sv)',7,'TH1305_(BT) - PTTK hệ thống thông tin (BT) (0.0)','GV:Trần Thị Kim Ngân','Phòng:A208-Máy tính 5(Ca 3 - 4,12g30 - 17g30)','Tuần học: 6- 7- 8- 9- 10','Ngày học: 04/02, 11/02, 18/02, 25/02, 04/03',411,34),('Thứ 3','223_1TH1371_KS2A_tructiep (9 sv)',3,'TH1371 - Công nghệ phần mềm (2.0)','GV:Trần Thị Kim Ngân','Phòng:C0606(Tiết 6 - 8,13g00 - 15g20)','Tuần học: 6- 7- 8- 9- 10','Ngày học: 31/01, 07/02, 14/02, 21/02, 28/02',411,34),('Thứ 5','223_1TH1526_KS2A_tructiep (19 sv)',5,'TH1526 - Hệ thống thông tin quang (0.2)','GV:Nguyễn Hoàng Anh (CNTT)','Phòng:A306-Phòng thực hành Lắp cáp mạng thông tin(Ca 3 - 4,12g30 - 17g30)','Tuần học: 6- 7- 8- 9- 10','Ngày học: 02/02, 09/02, 16/02, 23/02, 02/03',344,34),('Thứ 3','224_1TH1314_(BT)_KS2A_tructiep (12 sv)',3,'TH1314_(BT) - Lập trình mạng (BT) (0.0)','GV:Trần Thị Kim Ngân','Phòng:A206-Máy tính 6(Ca 2,09g20 - 11g30)','Tuần học: --- 31- 32- 33- 34- 35','Ngày học: 25/07, 01/08, 08/08, 15/08, 22/08',411,36),('Thứ 3','224_1TH1370_(BT)_KS2A_tructiep (23 sv)',3,'TH1370_(BT) - Triển khai hệ thống mạng văn phòng (BT) (0.0)','GV:Nguyễn Hoàng Anh (CNTT)','Phòng:A207-Máy tính 4(Ca 3 - 4,12g30 - 17g30)','Tuần học: ---- 32- 33- 34- 35','Ngày học: 01/08, 08/08, 15/08, 22/08',344,36),('Thứ 2','224_1TH1526_KS2A_tructiep (33 sv)',2,'TH1526 - Hệ thống thông tin quang (0.2)','GV:Nguyễn Hoàng Anh (CNTT)','Phòng:A306-Phòng thực hành Lắp cáp mạng thông tin(Ca 1 - 2,06g30 - 11g30)','Tuần học: --- 31- 32- 33- 34- 35','Ngày học: 24/07, 31/07, 07/08, 14/08, 21/08',344,36),('Thứ 7','231D_1TH1333_K46_VL (9 sv)',7,'TH1333 - Trí tuệ nhân tạo (2.1)','GV:Lê Hoàng An','Phòng:C0105(Tiết 1 - 5,07g00 - 10g50)','Tuần học: ---------------------- 3- 4','Ngày học: 13/01, 20/01',122,37),('Thứ 7','231D_1TH1359_K46_VL (10 sv)',7,'TH1359 - Internet vạn vật (2.1)','GV:Trần Phan An Trường','Phòng:A207-Máy tính 4(Tiết 1 - 5,07g00 - 10g50)','Tuần học: ------- 40','Ngày học: 30/09',374,37),('Thứ 3','231_1TH1203_K48_02_tructiep (75 sv)',3,'TH1203 - Toán rời rạc (2.0)','GV:Lê Hoàng An','Phòng:C0606(Tiết 9 - 10,15g30 - 16g50)','Tuần học: ---- 37- 38- 39- 40- 41- 42- 43- 44- 45- 46- 47- 48- 49- 50- 51','Ngày học: 05/09, 12/09, 19/09, 26/09, 03/10, 10/10, 17/10, 24/10, 31/10, 07/11, 14/11, 21/11, 28/11, 05/12, 12/12',122,37),('Thứ 3','231_1TH1203_K48_03_tructiep (46 sv)',3,'TH1203 - Toán rời rạc (2.0)','GV:Lê Hoàng An','Phòng:C0905(Tiết 1 - 3,07g00 - 09g20)','Tuần học: --------- 42- 43- 44- 45- 46- 47- 48- 49- 50- 51','Ngày học: 10/10, 17/10, 24/10, 31/10, 07/11, 14/11, 21/11, 28/11, 05/12, 12/12',122,37),('Thứ 6','231_1TH1208_(BT)_KS2A_05_tructiep (31 sv)',6,'TH1208_(BT) - Hệ điều hành (BT) (0.0)','GV:Lê Hoàng An','Phòng:A202-Máy tính 2(Ca 2,09g20 - 11g30)','Tuần học: --------- 42- 43- 44- 45- 46- 47- 48- 49- 50- 51','Ngày học: 13/10, 20/10, 27/10, 03/11, 10/11, 17/11, 24/11, 01/12, 08/12, 15/12',122,37),('Thứ 6','231_1TH1208_(BT)_KS2A_06_tructiep (28 sv)',6,'TH1208_(BT) - Hệ điều hành (BT) (0.0)','GV:Lê Hoàng An','Phòng:A202-Máy tính 2(Ca 1,06g30 - 09g00)','Tuần học: --------- 42- 43- 44- 45- 46- 47- 48- 49- 50- 51','Ngày học: 13/10, 20/10, 27/10, 03/11, 10/11, 17/11, 24/11, 01/12, 08/12, 15/12',122,37),('Thứ 6','231_1TH1208_(BT)_KS2A_08_tructiep (29 sv)',6,'TH1208_(BT) - Hệ điều hành (BT) (0.0)','GV:Nguyễn Hoàng Anh (CNTT)','Phòng:A207-Máy tính 4(Ca 1,06g30 - 09g00)','Tuần học: --------- 42- 43- 44- 45- 46- 47- 48- 49- 50- 51','Ngày học: 13/10, 20/10, 27/10, 03/11, 10/11, 17/11, 24/11, 01/12, 08/12, 15/12',344,37),('Thứ 5','231_1TH1208_KS2A_01_tructiep (69 sv)',5,'TH1208 - Hệ điều hành (2.1)','GV:Lê Hoàng An','Phòng:C0904(Tiết 1 - 2,07g00 - 08g20)','Tuần học: ---- 37- 38- 39- 40- 41- 42- 43- 44- 45- 46- 47- 48- 49- 50- 51','Ngày học: 07/09, 14/09, 21/09, 28/09, 05/10, 12/10, 19/10, 26/10, 02/11, 09/11, 16/11, 23/11, 30/11, 07/12, 14/12',122,37),('Thứ 5','231_1TH1208_KS2A_03_tructiep (70 sv)',5,'TH1208 - Hệ điều hành (2.1)','GV:Lê Hoàng An','Phòng:C0606(Tiết 6 - 7,13g00 - 14g20)','Tuần học: ---- 37- 38- 39- 40- 41- 42- 43- 44- 45- 46- 47- 48- 49- 50- 51','Ngày học: 07/09, 14/09, 21/09, 28/09, 05/10, 12/10, 19/10, 26/10, 02/11, 09/11, 16/11, 23/11, 30/11, 07/12, 14/12',122,37),('Thứ 7','231_1TH1208_KS2A_04_tructiep (30 sv)',7,'TH1208 - Hệ điều hành (2.1)','GV:Lê Hoàng An','Phòng:C0702(Tiết 6 - 8,13g00 - 15g20)','Tuần học: ---- 37- 38- 39- 40- 41- 42- 43- 44- 45- 46','Ngày học: 09/09, 16/09, 23/09, 30/09, 07/10, 14/10, 21/10, 28/10, 04/11, 11/11',122,37),('Thứ 2','231_1TH1214_(BT)_KS2A_03_tructiep (17 sv)',2,'TH1214_(BT) - Mạng MT (BT) (0.0)','GV:Nguyễn Hoàng Anh (CNTT)','Phòng:A206-Máy tính 6(Ca 4,15g20 - 17g30)','Tuần học: --------- 42- 43- 44- 45- 46- 47-- 49- 50- 51- 52','Ngày học: 09/10, 16/10, 23/10, 30/10, 06/11, 13/11, 27/11, 04/12, 11/12, 18/12',344,37),('Thứ 3','231_1TH1221_(BT)_KS2A_tructiep (10 sv)',3,'TH1221_(BT) - Lập trình hướng đối tượng (BT) (0.0)','GV:Trần Thị Cẩm Tú','Phòng:A207-Máy tính 4(Ca 3 - 4,12g30 - 17g30)','Tuần học: --------- 42- 43- 44- 45- 46- 47- 48- 49- 50- 51','Ngày học: 10/10, 17/10, 24/10, 31/10, 07/11, 14/11, 21/11, 28/11, 05/12, 12/12',299,37),('Thứ 4','231_1TH1221_KS2A_tructiep (10 sv)',4,'TH1221 - Lập trình hướng đối tượng (2.2)','GV:Trần Thị Cẩm Tú','Phòng:B0209(Tiết 4 - 5,09g30 - 10g50)','Tuần học: ---- 37- 38- 39- 40- 41- 42- 43- 44- 45- 46- 47- 48- 49- 50- 51','Ngày học: 06/09, 13/09, 20/09, 27/09, 04/10, 11/10, 18/10, 25/10, 01/11, 08/11, 15/11, 22/11, 29/11, 06/12, 13/12',299,37),('Thứ 2','231_1TH1305_KS2A_02_tructiep (71 sv)',2,'TH1305 - PTTK hệ thống thông tin (2.1)','GV:Trần Thị Cẩm Tú','Phòng:C0804(Tiết 1 - 2,07g00 - 08g20)','Tuần học: ----- 38- 39- 40- 41- 42- 43- 44- 45- 46- 47-- 49- 50- 51- 52','Ngày học: 11/09, 18/09, 25/09, 02/10, 09/10, 16/10, 23/10, 30/10, 06/11, 13/11, 27/11, 04/12, 11/12, 18/12',299,37),('Thứ 6','231_1TH1305_KS2A_04_tructiep (61 sv)',6,'TH1305 - PTTK hệ thống thông tin (2.1)','GV:Trần Thị Cẩm Tú','Phòng:C0803(Tiết 6 - 7,13g00 - 14g20)','Tuần học: ---- 37- 38- 39- 40- 41- 42- 43- 44- 45- 46- 47- 48- 49- 50- 51','Ngày học: 08/09, 15/09, 22/09, 29/09, 06/10, 13/10, 20/10, 27/10, 03/11, 10/11, 17/11, 24/11, 01/12, 08/12, 15/12',299,37),('Thứ 2','231_1TH1333_KS2A_tructiep (45 sv)',2,'TH1333 - Trí tuệ nhân tạo (2.1)','GV:Lê Hoàng An','Phòng:C0606(Tiết 1 - 2,07g00 - 08g20)','Tuần học: ----- 38- 39- 40- 41- 42- 43- 44- 45- 46- 47-- 49- 50- 51- 52','Ngày học: 11/09, 18/09, 25/09, 02/10, 09/10, 16/10, 23/10, 30/10, 06/11, 13/11, 27/11, 04/12, 11/12, 18/12',122,37),('Thứ 2','231_1TH1335_(BT)_KS2A_02_tructiep (19 sv)',2,'TH1335_(BT) - Xử lý ảnh (BT) (0.0)','GV:Lê Hoàng An','Phòng:C0602 - Phòng máy tính(Ca 4,15g20 - 17g30)','Tuần học: --------- 42- 43- 44- 45- 46- 47-- 49- 50- 51- 52','Ngày học: 09/10, 16/10, 23/10, 30/10, 06/11, 13/11, 27/11, 04/12, 11/12, 18/12',122,37),('Thứ 4','231_1TH1335_KS2A_01_tructiep (54 sv)',4,'TH1335 - Xử lý ảnh (2.1)','GV:Lê Hoàng An','Phòng:C0606(Tiết 6 - 7,13g00 - 14g20)','Tuần học: ----- 38- 39- 40- 41- 42- 43- 44- 45- 46- 47- 48- 49- 50- 51- 52','Ngày học: 13/09, 20/09, 27/09, 04/10, 11/10, 18/10, 25/10, 01/11, 08/11, 15/11, 22/11, 29/11, 06/12, 13/12, 20/12',122,37),('Thứ 6','231_1TH1338_(BT)_KS2A_05_tructiep (27 sv)',6,'TH1338_(BT) - Lập trình ứng dụng cho thiết bị di động (BT) (0.0)','GV:Trần Thị Kim Ngân','Phòng:A201-Máy tính 1(Ca 1 - 2,06g30 - 11g30)','Tuần học: --------- 42- 43- 44- 45- 46- 47- 48- 49- 50- 51','Ngày học: 13/10, 20/10, 27/10, 03/11, 10/11, 17/11, 24/11, 01/12, 08/12, 15/12',411,37),('Thứ 5','231_1TH1338_(BT)_KS2A_06_tructiep (30 sv)',5,'TH1338_(BT) - Lập trình ứng dụng cho thiết bị di động (BT) (0.0)','GV:Trần Thị Kim Ngân','Phòng:A206-Máy tính 6(Ca 3 - 4,12g30 - 17g30)','Tuần học: --------- 42- 43- 44- 45- 46- 47- 48- 49- 50- 51','Ngày học: 12/10, 19/10, 26/10, 02/11, 09/11, 16/11, 23/11, 30/11, 07/12, 14/12',411,37),('Thứ 6','231_1TH1338_(BT)_KS2A_07_tructiep (22 sv)',6,'TH1338_(BT) - Lập trình ứng dụng cho thiết bị di động (BT) (0.0)','GV:Trần Thị Kim Ngân','Phòng:A201-Máy tính 1(Ca 3 - 4,12g30 - 17g30)','Tuần học: --------- 42- 43- 44- 45- 46- 47- 48- 49- 50- 51','Ngày học: 13/10, 20/10, 27/10, 03/11, 10/11, 17/11, 24/11, 01/12, 08/12, 15/12',411,37),('Thứ 2','231_1TH1338_KS2A_01_tructiep (63 sv)',2,'TH1338 - Lập trình ứng dụng cho thiết bị di động (2.2)','GV:Trần Thị Kim Ngân','Phòng:C0705(Tiết 9 - 10,15g30 - 16g50)','Tuần học: ----- 38- 39- 40- 41- 42- 43- 44- 45- 46- 47-- 49- 50- 51- 52','Ngày học: 11/09, 18/09, 25/09, 02/10, 09/10, 16/10, 23/10, 30/10, 06/11, 13/11, 27/11, 04/12, 11/12, 18/12',411,37),('Thứ 5','231_1TH1338_KS2A_02_tructiep (62 sv)',5,'TH1338 - Lập trình ứng dụng cho thiết bị di động (2.2)','GV:Trần Thị Kim Ngân','Phòng:C0705(Tiết 4 - 5,09g30 - 10g50)','Tuần học: ---- 37- 38- 39- 40- 41- 42- 43- 44- 45- 46- 47- 48- 49- 50- 51','Ngày học: 07/09, 14/09, 21/09, 28/09, 05/10, 12/10, 19/10, 26/10, 02/11, 09/11, 16/11, 23/11, 30/11, 07/12, 14/12',411,37),('Thứ 4','231_1TH1338_KS2A_03_tructiep (52 sv)',4,'TH1338 - Lập trình ứng dụng cho thiết bị di động (2.2)','GV:Trần Thị Kim Ngân','Phòng:C1004(Tiết 1 - 2,07g00 - 08g20)','Tuần học: ---- 37- 38- 39- 40- 41- 42- 43- 44- 45- 46- 47- 48- 49- 50- 51','Ngày học: 06/09, 13/09, 20/09, 27/09, 04/10, 11/10, 18/10, 25/10, 01/11, 08/11, 15/11, 22/11, 29/11, 06/12, 13/12',411,37),('Thứ 6','231_1TH1339_(BT)_KS2A_03_tructiep (30 sv)',6,'TH1339_(BT) - Quản trị mạng máy tính (BT) (0.0)','GV:Nguyễn Hoàng Anh (CNTT)','Phòng:A202-Máy tính 2(Ca 3 - 4,12g30 - 17g30)','Tuần học: --------- 42- 43- 44- 45- 46- 47- 48- 49- 50- 51','Ngày học: 13/10, 20/10, 27/10, 03/11, 10/11, 17/11, 24/11, 01/12, 08/12, 15/12',344,37),('Thứ 5','231_1TH1339_(BT)_KS2A_05_tructiep (22 sv)',5,'TH1339_(BT) - Quản trị mạng máy tính (BT) (0.0)','GV:Nguyễn Hoàng Anh (CNTT)','Phòng:C0603 - Phòng máy tính(Ca 1 - 2,06g30 - 11g30)','Tuần học: --------- 42- 43- 44- 45- 46- 47- 48- 49- 50- 51','Ngày học: 12/10, 19/10, 26/10, 02/11, 09/11, 16/11, 23/11, 30/11, 07/12, 14/12',344,37),('Thứ 3','231_1TH1341_(BT)_KS2A_02_tructiep (24 sv)',3,'TH1341_(BT) - An toàn và an ninh thông tin (BT) (0.0)','GV:Nguyễn Hoàng Anh (CNTT)','Phòng:A207-Máy tính 4(Ca 1,06g30 - 09g00)','Tuần học: --------- 42- 43- 44- 45- 46- 47- 48- 49- 50- 51','Ngày học: 10/10, 17/10, 24/10, 31/10, 07/11, 14/11, 21/11, 28/11, 05/12, 12/12',344,37),('Thứ 2','231_1TH1342_(BT)_KS2A_tructiep (21 sv)',2,'TH1342_(BT) - Công nghệ mạng không dây (BT) (0.0)','GV:Nguyễn Hoàng Anh (CNTT)','Phòng:A208-Máy tính 5(Ca 1 - 2,06g30 - 11g30)','Tuần học: ---------------- 49- 50- 51- 52','Ngày học: 27/11, 04/12, 11/12, 18/12',344,37),('Thứ 2','231_1TH1342_KS2A_tructiep (21 sv)',2,'TH1342 - Công nghệ mạng không dây (1.1)','GV:Nguyễn Hoàng Anh (CNTT)','Phòng:C0201(Tiết 3 - 5,08g40 - 10g50)','Tuần học: ---------- 43- 44- 45- 46- 47','Ngày học: 16/10, 23/10, 30/10, 06/11, 13/11',344,37),('Thứ 2','231_1TH1343_(BT)_KS2A_tructiep (22 sv)',2,'TH1343_(BT) - Xử lý âm thanh (BT) (0.0)','GV:Trần Thị Kim Ngân','Phòng:C0602 - Phòng máy tính(Ca 3,12g30 - 15g00)','Tuần học: ---------- 43- 44- 45- 46- 47-- 49- 50- 51- 52','Ngày học: 16/10, 23/10, 30/10, 06/11, 13/11, 27/11, 04/12, 11/12, 18/12',411,37),('Thứ 2','231_1TH1343_KS2A_tructiep (22 sv)',2,'TH1343 - Xử lý âm thanh (2.1)','GV:Trần Thị Kim Ngân','Phòng:C0804(Tiết 4 - 5,09g30 - 10g50)','Tuần học: ----- 38- 39- 40- 41- 42- 43- 44- 45- 46- 47-- 49- 50- 51- 52','Ngày học: 11/09, 18/09, 25/09, 02/10, 09/10, 16/10, 23/10, 30/10, 06/11, 13/11, 27/11, 04/12, 11/12, 18/12',411,37),('Thứ 5','231_1TH1347_KS2A_tructiep (40 sv)',5,'TH1347 - Xử lý dữ liệu lớn (2.1)','GV:Trần Phan An Trường','Phòng:C0803(Tiết 6 - 7,13g00 - 14g20)','Tuần học: ---- 37- 38- 39- 40','Ngày học: 07/09, 14/09, 21/09, 28/09',374,37),('Thứ 3','231_1TH1355_KS2A_tructiep (27 sv)',3,'TH1355 - Hệ thống nhúng (1.2)','GV:Trần Phan An Trường','Phòng:C0904(Tiết 1 - 3,07g00 - 09g20)','Tuần học: ---- 37- 38- 39- 40- 41','Ngày học: 05/09, 12/09, 19/09, 26/09, 03/10',374,37),('Thứ 6','231_1TH1358_(BT)_KS2A_tructiep (7 sv)',6,'TH1358_(BT) - Bảo mật ứng dụng Web (BT) (0.0)','GV:Trần Phan An Trường','Phòng:A208-Máy tính 5(Ca 2,09g20 - 11g30)','Tuần học: -------------- 47- 48- 49- 50- 51','Ngày học: 17/11, 24/11, 01/12, 08/12, 15/12',374,37),('Thứ 6','231_1TH1358_KS2A_tructiep (7 sv)',6,'TH1358 - Bảo mật ứng dụng Web (2.1)','GV:Trần Phan An Trường','Phòng:C0704(Tiết 1 - 2,07g00 - 08g20)','Tuần học: -------------- 47- 48- 49- 50- 51','Ngày học: 17/11, 24/11, 01/12, 08/12, 15/12',374,37),('Thứ 5','231_1TH1369_KS2A_tructiep (31 sv)',5,'TH1369 - Phát triển ứng dụng IoT (1.2)','GV:Trần Phan An Trường','Phòng:C0804(Tiết 1 - 3,07g00 - 09g20)','Tuần học: ---- 37- 38- 39- 40','Ngày học: 07/09, 14/09, 21/09, 28/09',374,37),('Thứ 5','231_1TH1370_(BT)_KS2A_02_tructiep (20 sv)',5,'TH1370_(BT) - Triển khai hệ thống mạng văn phòng (BT) (0.0)','GV:Nguyễn Hoàng Anh (CNTT)','Phòng:A204-Máy tính 3(Ca 3 - 4,12g30 - 17g30)','Tuần học: --------- 42- 43- 44- 45- 46- 47- 48- 49- 50- 51','Ngày học: 12/10, 19/10, 26/10, 02/11, 09/11, 16/11, 23/11, 30/11, 07/12, 14/12',344,37),('Thứ 7','231_1TH1376_(BT)_KS2A_03_tructiep (32 sv)',7,'TH1376_(BT) - Sensor và ứng dụng (BT) (0.0)','GV:Trần Thị Kim Ngân','Phòng:A206-Máy tính 6(Ca 3 - 4,12g30 - 17g30)','Tuần học: --------- 42- 43- 44- 45- 46','Ngày học: 14/10, 21/10, 28/10, 04/11, 11/11',411,37),('Thứ 2','231_1TH1376_KS2A_01_tructiep (39 sv)',2,'TH1376 - Sensor và ứng dụng (1.2)','GV:Trần Phan An Trường','Phòng:C0606(Tiết 6 - 8,13g00 - 15g20)','Tuần học: ----- 38- 39- 40- 41','Ngày học: 11/09, 18/09, 25/09, 02/10',374,37),('Thứ 4','231_1TH1376_KS2A_03_tructiep (61 sv)',4,'TH1376 - Sensor và ứng dụng (1.2)','GV:Trần Phan An Trường','Phòng:C1005(Tiết 1 - 3,07g00 - 09g20)','Tuần học: ---- 37- 38- 39- 40','Ngày học: 06/09, 13/09, 20/09, 27/09',374,37),('Thứ 4','231_1TH1390_KS2A_tructiep (23 sv)',4,'TH1390 - Phát triển ứng dụng IoT (2.2)','GV:Trần Thị Kim Ngân','Phòng:C0705(Tiết 6 - 7,13g00 - 14g20)','Tuần học: -------- 41- 42- 43- 44- 45- 46- 47','Ngày học: 04/10, 11/10, 18/10, 25/10, 01/11, 08/11, 15/11',411,37),('Thứ 4','231_1TH1395_KS2A_tructiep (20 sv)',4,'TH1395 - Điện toán đám mây (2.1)','GV:Trần Phan An Trường','Phòng:C0602 - Phòng máy tính(Tiết 8 - 9,14g40 - 16g10)','Tuần học: --------------- 48- 49- 50- 51- 52','Ngày học: 22/11, 29/11, 06/12, 13/12, 20/12',374,37),('Ngoài giờ học','231_1TH1507_KS3A_01_ngoaigio (11 sv)',1,'TH1507 - Đồ án CNTT 1 (0.1)','GV:Lê Hoàng An','Phòng:SV LH GV hướng dẫn(Tiết 1 - 3,07g00 - 09g20)','Tuần học: ---- 37- 38- 39- 40- 41- 42- 43- 44- 45- 46- 47- 48- 49- 50- 51',NULL,122,37),('Ngoài giờ học','231_1TH1507_KS3A_03_ngoaigio (9 sv)',1,'TH1507 - Đồ án CNTT 1 (0.1)','GV:Nguyễn Hoàng Anh (CNTT)','Phòng:SV LH GV hướng dẫn(Tiết 6 - 8,13g00 - 15g20)','Tuần học: ---- 37- 38- 39- 40- 41- 42- 43- 44- 45- 46- 47- 48- 49- 50- 51',NULL,344,37),('Ngoài giờ học','231_1TH1512_KS3A_04_ngoaigio (12 sv)',1,'TH1512 - Đồ án CNTT 2 (0.2)','GV:Trần Thị Cẩm Tú','Phòng:SV LH GV hướng dẫn(Tiết 2,07g40 - 08g20)','Tuần học: ---- 37- 38- 39- 40- 41- 42- 43- 44- 45- 46- 47- 48- 49- 50- 51',NULL,299,37),('Ngoài giờ học','231_1TH1512_KS3A_10_ngoaigio (11 sv)',1,'TH1512 - Đồ án CNTT 2 (0.2)','GV:Trần Phan An Trường','Phòng:SV LH GV hướng dẫn(Tiết 8,14g40 - 15g20)','Tuần học: ---- 37- 38- 39- 40- 41- 42- 43- 44- 45- 46- 47- 48- 49- 50- 51',NULL,374,37),('Ngoài giờ học','231_1TH1512_KS3A_11_ngoaigio (11 sv)',1,'TH1512 - Đồ án CNTT 2 (0.2)','GV:Trần Thị Kim Ngân','Phòng:SV LH GV hướng dẫn(Tiết 9,15g30 - 16g10)','Tuần học: ---- 37- 38- 39- 40- 41- 42- 43- 44- 45- 46- 47- 48- 49- 50- 51',NULL,411,37),('Thứ 4','231_1TH1526_KS2A_tructiep (32 sv)',4,'TH1526 - Hệ thống thông tin quang (0.2)','GV:Nguyễn Hoàng Anh (CNTT)','Phòng:A306-Phòng thực hành Lắp cáp mạng thông tin(Ca 1 - 2,06g30 - 11g30)','Tuần học: --------- 42- 43- 44- 45- 46- 47- 48- 49- 50- 51','Ngày học: 11/10, 18/10, 25/10, 01/11, 08/11, 15/11, 22/11, 29/11, 06/12, 13/12',344,37),('Ngoài giờ học','231_1TH1602_KS3A_02_ngoaigio (2 sv)',1,'TH1602 - Khóa luận tốt nghiệp (0.10)','GV:Trần Phan An Trường','Phòng:SV LH GV hướng dẫn(Tiết 1 - 3,07g00 - 09g20)','Tuần học: ---- 37- 38- 39- 40- 41- 42- 43- 44- 45- 46- 47- 48- 49- 50- 51',NULL,374,37),('Thứ 3','231_1TH1607_(BT)_KS2A_01_tructiep (30 sv)',3,'TH1607_(BT) - Cơ sở dữ liệu phân tán (BT) (0.0)','GV:Trần Thị Kim Ngân','Phòng:A204-Máy tính 3(Ca 1,06g30 - 09g00)','Tuần học: --------- 42- 43- 44- 45- 46- 47- 48- 49- 50- 51','Ngày học: 10/10, 17/10, 24/10, 31/10, 07/11, 14/11, 21/11, 28/11, 05/12, 12/12',411,37),('Thứ 4','231_1TH1607_(BT)_KS2A_04_tructiep (28 sv)',4,'TH1607_(BT) - Cơ sở dữ liệu phân tán (BT) (0.0)','GV:Trần Thị Kim Ngân','Phòng:A206-Máy tính 6(Ca 4,15g20 - 17g30)','Tuần học: --------- 42- 43- 44- 45- 46- 47- 48- 49- 50- 51','Ngày học: 11/10, 18/10, 25/10, 01/11, 08/11, 15/11, 22/11, 29/11, 06/12, 13/12',411,37),('Thứ 7','232D_1TH0209_CH_KG (11 sv)',7,'TH0209 - Các hệ cơ sở dữ liệu nâng cao (3.0)','GV:Phan Anh Cang','Phòng:Học trực tiếp(Tiết 1 - 4,07g00 - 10g10)','Tuần học: -------------------- 29- 30- 31','Ngày học: 13/07, 20/07, 27/07',171,40),('Thứ 7','232D_1TH0210_CH (7 sv)',7,'TH0210 - Trí tuệ nhân tạo nâng cao (3.0)','GV:Phan Anh Cang','Phòng:C0603 - Phòng máy tính(Tiết 1 - 4,07g00 - 10g10)','Tuần học: --- 12- 13- 14','Ngày học: 16/03, 23/03, 30/03',171,40),('Thứ 7','232D_1TH0308_(BT)_CH (6 sv)',7,'TH0308_(BT) - Chuyên đề 2: Mô hình hóa học 3D (BT) (0.0)','GV:Phan Anh Cang','Phòng:C0602 - Phòng máy tính(Ca 1 - 2,06g30 - 11g30)','Tuần học: -------------- 23- 24','Ngày học: 01/06, 08/06',171,40),('Thứ 7','232D_1TH0308_CH (6 sv)',7,'TH0308 - Chuyên đề 2: Mô hình hóa học 3D (2.1)','GV:Phan Anh Cang','Phòng:C0602 - Phòng máy tính(Tiết 1 - 4,07g00 - 10g10)','Tuần học: ------------ 21- 22','Ngày học: 18/05, 25/05',171,40),('Thứ 3','232D_1TH1114_GHEP_online (19 sv)',3,'TH1114 - Tin học (0.3)','GV:Nguyễn Thị Hồng Yến','Phòng:TÀI KHOẢN CÁ NHÂN(Ca 5,18g30 - 20g40)','Tuần học: --------------- 24- 25- 26- 27- 28- 29- 30- 31- 32- 33','Ngày học: 04/06, 11/06, 18/06, 25/06, 02/07, 09/07, 16/07, 23/07, 30/07, 06/08',134,40),('Ngoài giờ học','232D_1TH1512_01_K46_VL (5 sv)',1,'TH1512 - Đồ án CNTT 2 (0.2)','GV:Nguyễn Ngọc Nga','Phòng:SV LH GV hướng dẫn(Tiết 1 - 3,07g00 - 09g20)','Tuần học: --- 12- 13- 14- 15- 16- 17-18- 19- 20- 21',NULL,129,40),('Ngoài giờ học','232D_1TH1512_02_K46_VL (4 sv)',1,'TH1512 - Đồ án CNTT 2 (0.2)','GV:Trần Thị Kim Ngân','Phòng:SV LH GV hướng dẫn(Tiết 4 - 5,09g30 - 10g50)','Tuần học: --- 12- 13- 14- 15- 16- 17- 18- 19- 20-21',NULL,411,40),('Thứ 7','232D_1TH1526_K46_VL (9 sv)',7,'TH1526 - Hệ thống thông tin quang (0.2)','GV:Trần Thái Bảo','Phòng:A306-Phòng thực hành Lắp cáp mạng thông tin(Ca 1 - 2,06g30 - 11g30)','Tuần học: ---------- 19- 20','Ngày học: 04/05, 11/05',123,40),('Ngoài giờ học','232D_1TH1601_K46_VL (9 sv)',1,'TH1601 - Thực tập tốt nghiệp (0.2)','GV:Trần Thái Bảo','Phòng:SV LH GV hướng dẫn(Tiết 4,09g30 - 10g10)','Tuần học: --- 12- 13- 14- 15- 16- 17- 18- 19- 20- 21',NULL,123,40),('Thứ 7','232D_1TH1606_(BT)_K46_VL (9 sv)',7,'TH1606_(BT) - Thương mại điện tử (BT) (0.0)','GV:Trần Thu Mai','Phòng:A205-Phòng thực tập mạng(Ca 1 - 2,06g30 - 11g30)','Tuần học: ------- 16- 17','Ngày học: 13/04, 20/04',127,40),('Thứ 7','232D_1TH1606_K46_VL (9 sv)',7,'TH1606 - Thương mại điện tử (2.1)','GV:Trần Thu Mai','Phòng:A201-Máy tính 1(Tiết 1 - 5,07g00 - 10g50)','Tuần học: ----- 14- 15','Ngày học: 30/03, 06/04',127,40),('Thứ 7','232D_1TH1608_(BT)_K46_VL (9 sv)',7,'TH1608_(BT) - Chuyên đề về CNTT (BT) (0.0)','GV:Trần Phan An Trường','Phòng:A205-Phòng thực tập mạng(Ca 1 - 2,06g30 - 11g30)','Tuần học: --------------- 24- 25','Ngày học: 08/06, 15/06',374,40),('Thứ 7','232D_1TH1608_K46_VL (9 sv)',7,'TH1608 - Chuyên đề về CNTT (2.2)','GV:Trần Phan An Trường','Phòng:A208-Máy tính 5(Tiết 1 - 5,07g00 - 10g50)','Tuần học: ------------ 21- 22','Ngày học: 18/05, 25/05',374,40),('Thứ 3','232_1GD1307_CN2A_tructiep (9 sv)',3,'GD1307 - Kiểm tra và đánh giá trong giáo dục (3.0)','GV:Nguyễn Thị Ngọc Trinh','Phòng:C0205(Tiết 6 - 8,13g00 - 15g20)','Tuần học: --- 12- 13- 14- 15- 16- 17- 18-- 20- 21- 22- 23- 24- 25- 26- 27','Ngày học: 12/03, 19/03, 26/03, 02/04, 09/04, 16/04, 23/04, 07/05, 14/05, 21/05, 28/05, 04/06, 11/06, 18/06, 25/06',384,40),('Ngoài giờ học','232_1SP1422_04_CTT_ngoaigio (2 sv)',1,'SP1422 - Thực tập sư phạm (0.2)','GV:Nguyễn Văn Hiếu','Phòng:SV liên hệ GVHD(Tiết 6 - 7,13g00 - 14g20)','Tuần học: --- 12- 13- 14- 15- 16- 17- 18- 19- 20- 21- 22- 23- 24- 25- 26',NULL,125,40),('Thứ 2','232_1TH1203_KS2A_tructiep (20 sv)',2,'TH1203 - Toán rời rạc (2.0)','GV:Nguyễn Vạn Năng','Phòng:C0102(Tiết 9 - 10,15g30 - 16g50)','Tuần học: --- 12- 13- 14- 15- 16- 17-18-- 20- 21- 22- 23- 24- 25- 26- 27','Ngày học: 11/03, 18/03, 25/03, 01/04, 08/04, 15/04,22/04, 06/05, 13/05, 20/05, 27/05, 03/06, 10/06, 17/06, 24/06',128,40),('Thứ 2','232_1TH1205_(BT)_KS2A_01_tructiep (33 sv)',2,'TH1205_(BT) - Cấu trúc MT (BT) (0.0)','GV:Lê Hoàng An','Phòng:C0602 - Phòng máy tính(Ca 2,09g20 - 11g30)','Tuần học: -------- 17- 18-- 20- 21- 22- 23- 24- 25- 26- 27','Ngày học: 15/04, 22/04, 06/05, 13/05, 20/05, 27/05, 03/06, 10/06, 17/06, 24/06',122,40),('Thứ 2','232_1TH1205_(BT)_KS2A_02_tructiep (32 sv)',2,'TH1205_(BT) - Cấu trúc MT (BT) (0.0)','GV:Lê Hoàng An','Phòng:C0602 - Phòng máy tính(Ca 4,15g20 - 17g30)','Tuần học: -------- 17- 18-- 20- 21- 22- 23- 24- 25- 26- 27','Ngày học: 15/04, 22/04, 06/05, 13/05, 20/05, 27/05, 03/06, 10/06, 17/06, 24/06',122,40),('Thứ 2','232_1TH1205_(BT)_KS2A_03_tructiep (30 sv)',2,'TH1205_(BT) - Cấu trúc MT (BT) (0.0)','GV:Nguyễn Thị Hồng Yến','Phòng:A202-Máy tính 2(Ca 2,09g20 - 11g30)','Tuần học: -------- 17- 18-- 20- 21- 22- 23- 24- 25- 26- 27','Ngày học: 15/04, 22/04, 06/05, 13/05, 20/05, 27/05, 03/06, 10/06, 17/06, 24/06',134,40),('Thứ 3','232_1TH1205_(BT)_KS2A_04_tructiep (31 sv)',3,'TH1205_(BT) - Cấu trúc MT (BT) (0.0)','GV:Trần Thu Mai','Phòng:A207-Máy tính 4(Ca 2,09g20 - 11g30)','Tuần học: ------- 16- 17- 18-- 20- 21- 22- 23- 24- 25- 26','Ngày học: 09/04, 16/04, 23/04, 07/05, 14/05, 21/05, 28/05, 04/06, 11/06, 18/06',127,40),('Thứ 3','232_1TH1205_(BT)_KS2A_05_tructiep (30 sv)',3,'TH1205_(BT) - Cấu trúc MT (BT) (0.0)','GV:Nguyễn Thị Hồng Yến','Phòng:A202-Máy tính 2(Ca 4,15g20 - 17g30)','Tuần học: ------- 16- 17- 18-- 20- 21- 22- 23- 24- 25- 26','Ngày học: 09/04, 16/04, 23/04, 07/05, 14/05, 21/05, 28/05, 04/06, 11/06, 18/06',134,40),('Thứ 4','232_1TH1205_(BT)_KS2A_06_tructiep (30 sv)',4,'TH1205_(BT) - Cấu trúc MT (BT) (0.0)','GV:Lê Hoàng An','Phòng:C0602 - Phòng máy tính(Ca 2,09g20 - 11g30)','Tuần học: ------- 16- 17- 18-- 20- 21- 22- 23- 24- 25- 26','Ngày học: 10/04, 17/04, 24/04, 08/05, 15/05, 22/05, 29/05, 05/06, 12/06, 19/06',122,40),('Thứ 4','232_1TH1205_(BT)_KS2A_07_tructiep (30 sv)',4,'TH1205_(BT) - Cấu trúc MT (BT) (0.0)','GV:Lê Hoàng An','Phòng:C0603 - Phòng máy tính(Ca 4,15g20 - 17g30)','Tuần học: ------- 16- 17- 18-- 20- 21- 22- 23- 24- 25- 26','Ngày học: 10/04, 17/04, 24/04, 08/05, 15/05, 22/05, 29/05, 05/06, 12/06, 19/06',122,40),('Thứ 5','232_1TH1205_(BT)_KS2A_08_tructiep (32 sv)',5,'TH1205_(BT) - Cấu trúc MT (BT) (0.0)','GV:Trần Thu Mai','Phòng:A202-Máy tính 2(Ca 2,09g20 - 11g30)','Tuần học: ------- 16-- 18- 19- 20- 21- 22- 23- 24- 25- 26','Ngày học: 11/04, 25/04, 02/05, 09/05, 16/05, 23/05, 30/05, 06/06, 13/06, 20/06',127,40),('Thứ 5','232_1TH1205_(BT)_KS2A_09_tructiep (30 sv)',5,'TH1205_(BT) - Cấu trúc MT (BT) (0.0)','GV:Trần Thu Mai','Phòng:A202-Máy tính 2(Ca 4,15g20 - 17g30)','Tuần học: --------- 18- 19- 20- 21- 22- 23- 24- 25- 26- 27','Ngày học: 25/04, 02/05, 09/05, 16/05, 23/05, 30/05, 06/06, 13/06, 20/06, 27/06',127,40),('Thứ 5','232_1TH1205_(BT)_KS2A_10_tructiep (30 sv)',5,'TH1205_(BT) - Cấu trúc MT (BT) (0.0)','GV:Lê Hoàng An','Phòng:A204-Máy tính 3(Ca 4,15g20 - 17g30)','Tuần học: --------- 18-19- 20- 21- 22- 23- 24- 25- 26- 27','Ngày học: 25/04,02/05, 09/05, 16/05, 23/05, 30/05, 06/06, 13/06, 20/06, 27/06',122,40),('Thứ 2','232_1TH1205_KS2A_01_tructiep (65 sv)',2,'TH1205 - Cấu trúc MT (2.1)','GV:Lê Hoàng An','Phòng:C0606(Tiết 1 - 3,07g00 - 09g20)','Tuần học: --- 12- 13- 14- 15- 16- 17- 18-- 20- 21- 22','Ngày học: 11/03, 18/03, 25/03, 01/04, 08/04, 15/04, 22/04, 06/05, 13/05, 20/05',122,40),('Thứ 2','232_1TH1205_KS2A_02_tructiep (61 sv)',2,'TH1205 - Cấu trúc MT (2.1)','GV:Lê Hoàng An','Phòng:C0802(Tiết 6 - 8,13g00 - 15g20)','Tuần học: --- 12- 13- 14- 15- 16- 17- 18-- 20- 21','Ngày học: 11/03, 18/03, 25/03, 01/04, 08/04, 15/04, 22/04, 06/05, 13/05',122,40),('Thứ 3','232_1TH1205_KS2A_03_tructiep (61 sv)',3,'TH1205 - Cấu trúc MT (2.1)','GV:Lê Hoàng An','Phòng:C0803(Tiết 1 - 3,07g00 - 09g20)','Tuần học: ------ 15- 16','Ngày học: 02/04, 09/04',122,40),('Thứ 3','232_1TH1205_KS2A_04_tructiep (62 sv)',3,'TH1205 - Cấu trúc MT (2.1)','GV:Nguyễn Thị Hồng Yến','Phòng:C0904(Tiết 6 - 8,13g00 - 15g20)','Tuần học: --- 12- 13- 14- 15- 16- 17- 18-- 20- 21- 22','Ngày học: 12/03, 19/03, 26/03, 02/04, 09/04, 16/04, 23/04, 07/05, 14/05, 21/05',134,40),('Thứ 4','232_1TH1205_KS2A_05_tructiep (59 sv)',4,'TH1205 - Cấu trúc MT (2.1)','GV:Lê Hoàng An','Phòng:C0802(Tiết 1 - 3,07g00 - 09g20)','Tuần học: --- 12- 13- 14- 15- 16- 17- 18-- 20- 21- 22','Ngày học: 13/03, 20/03, 27/03, 03/04, 10/04, 17/04, 24/04, 08/05, 15/05, 22/05',122,40),('Thứ 2','232_1TH1207_(BT)_KS2A_01_tructiep (29 sv)',2,'TH1207_(BT) - Cơ sở dữ liệu (BT) (0.0)','GV:Lê Thị Hạnh Hiền','Phòng:A201-Máy tính 1(Ca 4,15g20 - 17g30)','Tuần học: -------- 17- 18-- 20- 21- 22- 23- 24- 25- 26- 27','Ngày học: 15/04, 22/04, 06/05, 13/05, 20/05, 27/05, 03/06, 10/06, 17/06, 24/06',169,40),('Chủ nhật','232_1TH1207_(BT)_KS2A_02_tructiep (30 sv)',8,'TH1207_(BT) - Cơ sở dữ liệu (BT) (0.0)','GV:Trần Thị Cẩm Tú','Phòng:A207-Máy tính 4(Ca 1,06g30 - 09g00)','Tuần học: -------- 17-- 19- 20- 21- 22- 23- 24- 25- 26- 27','Ngày học: 21/04, 05/05, 12/05, 19/05, 26/05, 02/06, 09/06, 16/06, 23/06, 30/06',299,40),('Thứ 4','232_1TH1207_(BT)_KS2A_03_tructiep (31 sv)',4,'TH1207_(BT) - Cơ sở dữ liệu (BT) (0.0)','GV:Trần Thị Cẩm Tú','Phòng:A202-Máy tính 2(Ca 2,09g20 - 11g30)','Tuần học: -------- 17-18-- 20- 21- 22- 23- 24- 25- 26- 27','Ngày học: 17/04,24/04, 08/05, 15/05, 22/05, 29/05, 05/06, 12/06, 19/06, 26/06',299,40),('Thứ 4','232_1TH1207_(BT)_KS2A_04_tructiep (30 sv)',4,'TH1207_(BT) - Cơ sở dữ liệu (BT) (0.0)','GV:Lê Thị Hạnh Hiền','Phòng:A202-Máy tính 2(Ca 4,15g20 - 17g30)','Tuần học: ------- 16- 17- 18-- 20- 21- 22- 23- 24- 25- 26','Ngày học: 10/04, 17/04, 24/04, 08/05, 15/05, 22/05, 29/05, 05/06, 12/06, 19/06',169,40),('Thứ 2','232_1TH1207_(BT)_KS2A_05_tructiep (30 sv)',2,'TH1207_(BT) - Cơ sở dữ liệu (BT) (0.0)','GV:Lê Thị Hạnh Hiền','Phòng:A206-Máy tính 6(Ca 2,09g20 - 11g30)','Tuần học: -------- 17- 18-- 20- 21- 22- 23- 24- 25- 26- 27','Ngày học: 15/04, 22/04, 06/05, 13/05, 20/05, 27/05, 03/06, 10/06, 17/06, 24/06',169,40),('Thứ 3','232_1TH1207_(BT)_KS2A_06_tructiep (30 sv)',3,'TH1207_(BT) - Cơ sở dữ liệu (BT) (0.0)','GV:Trần Thị Cẩm Tú','Phòng:A202-Máy tính 2(Ca 2,09g20 - 11g30)','Tuần học: ------- 16- 17-18-- 20- 21- 22- 23- 24- 25- 26','Ngày học: 09/04, 16/04,23/04, 07/05, 14/05, 21/05, 28/05, 04/06, 11/06, 18/06',299,40),('Thứ 5','232_1TH1207_(BT)_KS2A_07_tructiep (31 sv)',5,'TH1207_(BT) - Cơ sở dữ liệu (BT) (0.0)','GV:Lê Thị Hạnh Hiền','Phòng:A206-Máy tính 6(Ca 2,09g20 - 11g30)','Tuần học: ------- 16-- 18- 19- 20- 21- 22- 23- 24- 25- 26','Ngày học: 11/04, 25/04, 02/05, 09/05, 16/05, 23/05, 30/05, 06/06, 13/06, 20/06',169,40),('Thứ 6','232_1TH1207_(BT)_KS2A_08_tructiep (30 sv)',6,'TH1207_(BT) - Cơ sở dữ liệu (BT) (0.0)','GV:Nguyễn Ngọc Nga','Phòng:A201-Máy tính 1(Ca 2,09g20 - 11g30)','Tuần học: -------- 17-18- 19- 20- 21- 22- 23- 24- 25- 26','Ngày học: 19/04,26/04, 03/05, 10/05, 17/05, 24/05, 31/05, 07/06, 14/06, 21/06',129,40),('Thứ 6','232_1TH1207_(BT)_KS2A_09_tructiep (30 sv)',6,'TH1207_(BT) - Cơ sở dữ liệu (BT) (0.0)','GV:Trần Thị Cẩm Tú','Phòng:A202-Máy tính 2(Ca 4,15g20 - 17g30)','Tuần học: -------- 17-18- 19- 20- 21- 22- 23- 24- 25- 26','Ngày học: 19/04,26/04, 03/05, 10/05, 17/05, 24/05, 31/05, 07/06, 14/06, 21/06',299,40),('Thứ 7','232_1TH1207_(BT)_KS2A_10_tructiep (30 sv)',7,'TH1207_(BT) - Cơ sở dữ liệu (BT) (0.0)','GV:Nguyễn Ngọc Hoàng Quyên','Phòng:A201-Máy tính 1(Ca 2,09g20 - 11g30)','Tuần học: -------- 17-- 19- 20- 21- 22- 23- 24- 25- 26- 27','Ngày học: 20/04, 04/05, 11/05, 18/05, 25/05, 01/06, 08/06, 15/06, 22/06, 29/06',1485,40),('Thứ 7','232_1TH1207_(BT)_KS2A_11_tructiep (29 sv)',7,'TH1207_(BT) - Cơ sở dữ liệu (BT) (0.0)','GV:Nguyễn Ngọc Hoàng Quyên','Phòng:A202-Máy tính 2(Ca 4,15g20 - 17g30)','Tuần học: -------- 17-- 19- 20- 21- 22- 23- 24- 25- 26- 27','Ngày học: 20/04, 04/05, 11/05, 18/05, 25/05, 01/06, 08/06, 15/06, 22/06, 29/06',1485,40),('Thứ 7','232_1TH1207_(BT)_KS2A_12_tructiep (19 sv)',7,'TH1207_(BT) - Cơ sở dữ liệu (BT) (0.0)','GV:Lê Thị Hạnh Hiền','Phòng:C0603 - Phòng máy tính(Ca 4,15g20 - 17g30)','Tuần học: -------- 17-- 19- 20- 21- 22- 23- 24- 25- 26- 27','Ngày học: 20/04, 04/05, 11/05, 18/05, 25/05, 01/06, 08/06, 15/06, 22/06, 29/06',169,40),('Thứ 2','232_1TH1207_KS2A_01_tructiep (59 sv)',2,'TH1207 - Cơ sở dữ liệu (2.1)','GV:Nguyễn Ngọc Nga','Phòng:C0606(Tiết 6 - 8,13g00 - 15g20)','Tuần học: --- 12- 13- 14- 15- 16- 17-18-- 20- 21- 22','Ngày học: 11/03, 18/03, 25/03, 01/04, 08/04, 15/04,22/04, 06/05, 13/05, 20/05',129,40),('Thứ 4','232_1TH1207_KS2A_02_tructiep (60 sv)',4,'TH1207 - Cơ sở dữ liệu (2.1)','GV:Lê Thị Hạnh Hiền','Phòng:C0606(Tiết 6 - 8,13g00 - 15g20)','Tuần học: --- 12- 13- 14- 15- 16- 17- 18-- 20- 21- 22','Ngày học: 13/03, 20/03, 27/03, 03/04, 10/04, 17/04, 24/04, 08/05, 15/05, 22/05',169,40),('Thứ 4','232_1TH1207_KS2A_03_tructiep (61 sv)',4,'TH1207 - Cơ sở dữ liệu (2.1)','GV:Nguyễn Ngọc Nga','Phòng:C0606(Tiết 1 - 3,07g00 - 09g20)','Tuần học: --- 12- 13- 14- 15- 16- 17-18-- 20- 21- 22','Ngày học: 13/03, 20/03, 27/03, 03/04, 10/04, 17/04,24/04, 08/05, 15/05, 22/05',129,40),('Thứ 5','232_1TH1207_KS2A_04_tructiep (59 sv)',5,'TH1207 - Cơ sở dữ liệu (2.1)','GV:Lê Thị Hạnh Hiền','Phòng:C0704(Tiết 1 - 3,07g00 - 09g20)','Tuần học: --- 12- 13- 14- 15- 16-- 18- 19- 20- 21','Ngày học: 14/03, 21/03, 28/03, 04/04, 11/04, 25/04, 02/05, 09/05, 16/05',169,40),('Thứ 5','232_1TH1207_KS2A_05_tructiep (57 sv)',5,'TH1207 - Cơ sở dữ liệu (2.1)','GV:Lê Thị Hạnh Hiền','Phòng:C0606(Tiết 6 - 8,13g00 - 15g20)','Tuần học: --- 12- 13- 14- 15- 16-- 18- 19- 20- 21- 22','Ngày học: 14/03, 21/03, 28/03, 04/04, 11/04, 25/04, 02/05, 09/05, 16/05, 23/05',169,40),('Thứ 2','232_1TH1207_KS2A_06_tructiep (53 sv)',2,'TH1207 - Cơ sở dữ liệu (2.1)','GV:Trần Thị Cẩm Tú','Phòng:C0306(Tiết 6 - 8,13g00 - 15g20)','Tuần học: --- 12- 13- 14- 15- 16- 17-18-- 20- 21- 22','Ngày học: 11/03, 18/03, 25/03, 01/04, 08/04, 15/04,22/04, 06/05, 13/05, 20/05',299,40),('Thứ 7','232_1TH1208_(BT)_KS2A_tructiep (33 sv)',7,'TH1208_(BT) - Hệ điều hành (BT) (0.0)','GV:Lê Hoàng An','Phòng:A202-Máy tính 2(Ca 2,09g20 - 11g30)','Tuần học: -------- 17--19- 20- 21- 22- 23- 24- 25- 26- 27','Ngày học: 20/04,04/05, 11/05, 18/05, 25/05, 01/06, 08/06, 15/06, 22/06, 29/06',122,40),('Thứ 7','232_1TH1208_KS2A_tructiep (33 sv)',7,'TH1208 - Hệ điều hành (2.1)','GV:Lê Hoàng An','Phòng:C0102(Tiết 1 - 3,07g00 - 09g20)','Tuần học: --- 12- 13- 14- 15- 16- 17--19- 20- 21- 22','Ngày học: 16/03, 23/03, 30/03, 06/04, 13/04, 20/04,04/05, 11/05, 18/05, 25/05',122,40),('Thứ 6','232_1TH1209_(BT)_KS2A_tructiep (20 sv)',6,'TH1209_(BT) - Lập trình HĐT (BT) (0.0)','GV:Nguyễn Vạn Năng','Phòng:A202-Máy tính 2(Ca 2,09g20 - 11g30)','Tuần học: -------- 17-18- 19- 20- 21- 22- 23- 24- 25- 26','Ngày học: 19/04,26/04, 03/05, 10/05, 17/05, 24/05, 31/05, 07/06, 14/06, 21/06',128,40),('Thứ 6','232_1TH1209_KS2A_tructiep (20 sv)',6,'TH1209 - Lập trình HĐT (2.1)','GV:Nguyễn Vạn Năng','Phòng:C0102(Tiết 1 - 2,07g00 - 08g20)','Tuần học: --- 12- 13- 14- 15- 16- 17-18- 19- 20- 21- 22- 23- 24- 25- 26','Ngày học: 15/03, 22/03, 29/03, 05/04, 12/04, 19/04,26/04, 03/05, 10/05, 17/05, 24/05, 31/05, 07/06, 14/06, 21/06',128,40),('Thứ 6','232_1TH1212_KS2A_01_tructiep (58 sv)',6,'TH1212 - PT&TK thuật toán (2.0)','GV:Nguyễn Vạn Năng','Phòng:C0606(Tiết 6 - 7,13g00 - 14g20)','Tuần học: --- 12- 13- 14- 15- 16- 17-18- 19- 20- 21- 22- 23- 24- 25- 26','Ngày học: 15/03, 22/03, 29/03, 05/04, 12/04, 19/04,26/04, 03/05, 10/05, 17/05, 24/05, 31/05, 07/06, 14/06, 21/06',128,40),('Thứ 3','232_1TH1212_KS2A_02_tructiep (69 sv)',3,'TH1212 - PT&TK thuật toán (2.0)','GV:Nguyễn Văn Hiếu','Phòng:C0606(Tiết 4 - 5,09g30 - 10g50)','Tuần học: --- 12- 13- 14- 15- 16- 17- 18-- 20- 21- 22- 23- 24- 25- 26- 27','Ngày học: 12/03, 19/03, 26/03, 02/04, 09/04, 16/04, 23/04, 07/05, 14/05, 21/05, 28/05, 04/06, 11/06, 18/06, 25/06',125,40),('Thứ 4','232_1TH1212_KS2A_03_tructiep (59 sv)',4,'TH1212 - PT&TK thuật toán (2.0)','GV:Nguyễn Văn Hiếu','Phòng:C0802(Tiết 6 - 7,13g00 - 14g20)','Tuần học: --- 12- 13- 14- 15- 16- 17- 18-- 20- 21- 22- 23- 24- 25- 26- 27','Ngày học: 13/03, 20/03, 27/03, 03/04, 10/04, 17/04, 24/04, 08/05, 15/05, 22/05, 29/05, 05/06, 12/06, 19/06, 26/06',125,40),('Thứ 2','232_1TH1214_(BT)_KS2A_01_tructiep (30 sv)',2,'TH1214_(BT) - Mạng MT (BT) (0.0)','GV:Nguyễn Công Kha','Phòng:A201-Máy tính 1(Ca 2,09g20 - 11g30)','Tuần học: -------- 17- 18-- 20- 21- 22- 23- 24- 25- 26- 27','Ngày học: 15/04, 22/04, 06/05, 13/05, 20/05, 27/05, 03/06, 10/06, 17/06, 24/06',1521,40),('Thứ 2','232_1TH1214_(BT)_KS2A_02_tructiep (30 sv)',2,'TH1214_(BT) - Mạng MT (BT) (0.0)','GV:Nguyễn Công Kha','Phòng:A202-Máy tính 2(Ca 4,15g20 - 17g30)','Tuần học: -------- 17- 18-- 20- 21- 22- 23- 24- 25- 26- 27','Ngày học: 15/04, 22/04, 06/05, 13/05, 20/05, 27/05, 03/06, 10/06, 17/06, 24/06',1521,40),('Thứ 3','232_1TH1214_(BT)_KS2A_03_tructiep (30 sv)',3,'TH1214_(BT) - Mạng MT (BT) (0.0)','GV:Nguyễn Thị Hồng Yến','Phòng:A206-Máy tính 6(Ca 2,09g20 - 11g30)','Tuần học: ------- 16- 17- 18-- 20- 21- 22- 23- 24- 25- 26','Ngày học: 09/04, 16/04, 23/04, 07/05, 14/05, 21/05, 28/05, 04/06, 11/06, 18/06',134,40),('Thứ 2','232_1TH1214_(BT)_KS2A_04_tructiep (29 sv)',2,'TH1214_(BT) - Mạng MT (BT) (0.0)','GV:Nguyễn Thị Hồng Yến','Phòng:A204-Máy tính 3(Ca 4,15g20 - 17g30)','Tuần học: -------- 17- 18-- 20- 21- 22- 23- 24- 25- 26- 27','Ngày học: 15/04, 22/04, 06/05, 13/05, 20/05, 27/05, 03/06, 10/06, 17/06, 24/06',134,40),('Thứ 3','232_1TH1214_(BT)_KS2A_05_tructiep (30 sv)',3,'TH1214_(BT) - Mạng MT (BT) (0.0)','GV:Trần Thái Bảo','Phòng:A201-Máy tính 1(Ca 2,09g20 - 11g30)','Tuần học: -------- 17- 18-- 20- 21- 22- 23- 24- 25- 26','Ngày học: 16/04, 23/04, 07/05, 14/05, 21/05, 28/05, 04/06, 11/06, 18/06',123,40),('Thứ 5','232_1TH1214_(BT)_KS2A_06_tructiep (30 sv)',5,'TH1214_(BT) - Mạng MT (BT) (0.0)','GV:Nguyễn Thị Hồng Yến','Phòng:A206-Máy tính 6(Ca 1,06g30 - 09g00)','Tuần học: --------- 18- 19- 20- 21- 22- 23- 24- 25- 26','Ngày học: 25/04, 02/05, 09/05, 16/05, 23/05, 30/05, 06/06, 13/06, 20/06',134,40),('Thứ 2','232_1TH1214_(BT)_KS2A_07_tructiep (26 sv)',2,'TH1214_(BT) - Mạng MT (BT) (0.0)','GV:Nguyễn Công Kha','Phòng:A201-Máy tính 1(Ca 1,06g30 - 09g00)','Tuần học: -------- 17- 18-- 20- 21- 22- 23- 24- 25- 26- 27','Ngày học: 15/04, 22/04, 06/05, 13/05, 20/05, 27/05, 03/06, 10/06, 17/06, 24/06',1521,40),('Thứ 6','232_1TH1214_(BT)_KS2A_08_tructiep (28 sv)',6,'TH1214_(BT) - Mạng MT (BT) (0.0)','GV:Nguyễn Thị Hồng Yến','Phòng:A206-Máy tính 6(Ca 1 - 2,06g30 - 11g30)','Tuần học: ------------------ 27','Ngày học: 28/06',134,40),('Thứ 3','232_1TH1214_(BT)_KS2A_09_tructiep (27 sv)',3,'TH1214_(BT) - Mạng MT (BT) (0.0)','GV:Nguyễn Công Kha','Phòng:A206-Máy tính 6(Ca 1,06g30 - 09g00)','Tuần học: -------- 17- 18-- 20- 21- 22- 23- 24- 25- 26- 27','Ngày học: 16/04, 23/04, 07/05, 14/05, 21/05, 28/05, 04/06, 11/06, 18/06, 25/06',1521,40),('Thứ 2','232_1TH1214_KS2A_01_tructiep (62 sv)',2,'TH1214 - Mạng MT (2.1)','GV:Trần Thái Bảo','Phòng:C0705(Tiết 1 - 2,07g00 - 08g20)','Tuần học: --- 12- 13- 14- 15-- 17- 18-- 20- 21- 22- 23- 24- 25- 26- 27','Ngày học: 11/03, 18/03, 25/03, 01/04, 15/04, 22/04, 06/05, 13/05, 20/05, 27/05, 03/06, 10/06, 17/06, 24/06',123,40),('Thứ 2','232_1TH1214_KS2A_02_tructiep (63 sv)',2,'TH1214 - Mạng MT (2.1)','GV:Nguyễn Thị Hồng Yến','Phòng:C0703(Tiết 6 - 7,13g00 - 14g20)','Tuần học: --- 12- 13- 14- 15- 16- 17- 18-- 20- 21- 22- 23- 24- 25- 26- 27','Ngày học: 11/03, 18/03, 25/03, 01/04, 08/04, 15/04, 22/04, 06/05, 13/05, 20/05, 27/05, 03/06, 10/06, 17/06, 24/06',134,40),('Thứ 3','232_1TH1214_KS2A_03_tructiep (61 sv)',3,'TH1214 - Mạng MT (2.1)','GV:Trần Thái Bảo','Phòng:C0804(Tiết 1 - 2,07g00 - 08g20)','Tuần học: --- 12- 13- 14--- 17- 18-- 20- 21- 22- 23- 24- 25- 26- 27','Ngày học: 12/03, 19/03, 26/03, 16/04, 23/04, 07/05, 14/05, 21/05, 28/05, 04/06, 11/06, 18/06, 25/06',123,40),('Thứ 4','232_1TH1214_KS2A_04_tructiep (54 sv)',4,'TH1214 - Mạng MT (2.1)','GV:Nguyễn Thị Hồng Yến','Phòng:B0109(Tiết 1 - 3,07g00 - 09g20)','Tuần học: --- 12- 13- 14- 15- 16- 17- 18-- 20- 21- 22','Ngày học: 13/03, 20/03, 27/03, 03/04, 10/04, 17/04, 24/04, 08/05, 15/05, 22/05',134,40),('Thứ 4','232_1TH1214_KS2A_05_tructiep (20 sv)',4,'TH1214 - Mạng MT (2.1)','GV:Trần Thái Bảo','Phòng:C0306(Tiết 1 - 3,07g00 - 09g20)','Tuần học: --- 12- 13- 14--- 17- 18-- 20- 21- 22','Ngày học: 13/03, 20/03, 27/03, 17/04, 24/04, 08/05, 15/05, 22/05',123,40),('Thứ 3','232_1TH1216_(BT)_KS2A_01_tructiep (32 sv)',3,'TH1216_(BT) - Phần mềm mã nguồn mở (BT) (0.0)','GV:Nguyễn Công Kha','Phòng:A201-Máy tính 1(Ca 3 - 4,12g30 - 17g30)','Tuần học: --- 12- 13- 14- 15- 16','Ngày học: 12/03, 19/03, 26/03, 02/04, 09/04',1521,40),('Thứ 6','232_1TH1216_(BT)_KS2A_02_tructiep (21 sv)',6,'TH1216_(BT) - Phần mềm mã nguồn mở (BT) (0.0)','GV:Nguyễn Công Kha','Phòng:A201-Máy tính 1(Ca 3 - 4,12g30 - 17g30)','Tuần học: --- 12- 13- 14- 15- 16','Ngày học: 15/03, 22/03, 29/03, 05/04, 12/04',1521,40),('Thứ 4','232_1TH1216_(BT)_KS2A_03_tructiep (21 sv)',4,'TH1216_(BT) - Phần mềm mã nguồn mở (BT) (0.0)','GV:Nguyễn Vạn Năng','Phòng:A202-Máy tính 2(Ca 1 - 2,06g30 - 11g30)','Tuần học: --- 12- 13- 14- 15- 16','Ngày học: 13/03, 20/03, 27/03, 03/04, 10/04',128,40),('Thứ 5','232_1TH1216_(BT)_KS2A_06_tructiep (23 sv)',5,'TH1216_(BT) - Phần mềm mã nguồn mở (BT) (0.0)','GV:Nguyễn Vạn Năng','Phòng:A202-Máy tính 2(Ca 3 - 4,12g30 - 17g30)','Tuần học: --- 12- 13- 14- 15- 16','Ngày học: 14/03, 21/03, 28/03, 04/04, 11/04',128,40),('Thứ 3','232_1TH1216_KS2A_01_tructiep (26 sv)',3,'TH1216 - Phần mềm mã nguồn mở (1.1)','GV:Nguyễn Công Kha','Phòng:C0704(Tiết 1 - 3,07g00 - 09g20)','Tuần học: --- 12- 13- 14- 15- 16','Ngày học: 12/03, 19/03, 26/03, 02/04, 09/04',1521,40),('Thứ 2','232_1TH1216_KS2A_02_tructiep (45 sv)',2,'TH1216 - Phần mềm mã nguồn mở (1.1)','GV:Nguyễn Công Kha','Phòng:C0703(Tiết 3 - 5,08g40 - 10g50)','Tuần học: --- 12- 13- 14- 15- 16','Ngày học: 11/03, 18/03, 25/03, 01/04, 08/04',1521,40),('Thứ 2','232_1TH1216_KS2A_03_tructiep (26 sv)',2,'TH1216 - Phần mềm mã nguồn mở (1.1)','GV:Nguyễn Công Kha','Phòng:C0703(Tiết 8 - 10,14g40 - 16g50)','Tuần học: --- 12- 13- 14- 15- 16','Ngày học: 11/03, 18/03, 25/03, 01/04, 08/04',1521,40),('Thứ 6','232_1TH1217_KS2A_01_tructiep (47 sv)',6,'TH1217 - An toàn và vệ sinh lao động trong lĩnh vực CNTT (1.0)','GV:Lê Thị Hạnh Hiền','Phòng:C0606(Tiết 3 - 5,08g40 - 10g50)','Tuần học: ------------- 22- 23- 24- 25- 26','Ngày học: 24/05, 31/05, 07/06, 14/06, 21/06',169,40),('Thứ 3','232_1TH1217_KS2A_02_tructiep (41 sv)',3,'TH1217 - An toàn và vệ sinh lao động trong lĩnh vực CNTT (1.0)','GV:Lê Thị Hạnh Hiền','Phòng:C0606(Tiết 6 - 8,13g00 - 15g20)','Tuần học: ------------- 22- 23- 24- 25- 26','Ngày học: 21/05, 28/05, 04/06, 11/06, 18/06',169,40),('Thứ 3','232_1TH1219_(BT)_KS2A_01_tructiep (30 sv)',3,'TH1219_(BT) - Lập trình căn bản (BT) (0.0)','GV:Nguyễn Văn Hiếu','Phòng:A206-Máy tính 6(Ca 3 - 4,12g30 - 17g30)','Tuần học: -------- 17- 18-- 20- 21- 22- 23- 24- 25- 26- 27','Ngày học: 16/04, 23/04, 07/05, 14/05, 21/05, 28/05, 04/06, 11/06, 18/06, 25/06',125,40),('Thứ 4','232_1TH1219_(BT)_KS2A_02_tructiep (29 sv)',4,'TH1219_(BT) - Lập trình căn bản (BT) (0.0)','GV:Hồ Chí Hưng','Phòng:C0604-Máy tính 8(Ca 3 - 4,12g30 - 17g30)','Tuần học: ------- 16- 17-18-- 20- 21- 22- 23- 24- 25- 26','Ngày học: 10/04, 17/04,24/04, 08/05, 15/05, 22/05, 29/05, 05/06, 12/06, 19/06',1513,40),('Thứ 5','232_1TH1219_(BT)_KS2A_05_tructiep (31 sv)',5,'TH1219_(BT) - Lập trình căn bản (BT) (0.0)','GV:Hồ Chí Hưng','Phòng:C0602 - Phòng máy tính(Ca 3 - 4,12g30 - 17g30)','Tuần học: ------- 16--18- 19- 20- 21- 22- 23- 24- 25- 26','Ngày học: 11/04,25/04, 02/05, 09/05, 16/05, 23/05, 30/05, 06/06, 13/06, 20/06',1513,40),('Thứ 7','232_1TH1219_(BT)_KS2A_07_tructiep (29 sv)',7,'TH1219_(BT) - Lập trình căn bản (BT) (0.0)','GV:Nguyễn Văn Hiếu','Phòng:A206-Máy tính 6(Ca 3 - 4,12g30 - 17g30)','Tuần học: -------- 17-- 19- 20- 21- 22- 23- 24- 25- 26- 27','Ngày học: 20/04, 04/05, 11/05, 18/05, 25/05, 01/06, 08/06, 15/06, 22/06, 29/06',125,40),('Thứ 2','232_1TH1219_(BT)_KS2A_08_tructiep (26 sv)',2,'TH1219_(BT) - Lập trình căn bản (BT) (0.0)','GV:Nguyễn Văn Hiếu','Phòng:A206-Máy tính 6(Ca 3 - 4,12g30 - 17g30)','Tuần học: -------- 17- 18-- 20- 21- 22- 23- 24- 25- 26- 27','Ngày học: 15/04, 22/04, 06/05, 13/05, 20/05, 27/05, 03/06, 10/06, 17/06, 24/06',125,40),('Thứ 4','232_1TH1219_(BT)_KS2A_09_tructiep (22 sv)',4,'TH1219_(BT) - Lập trình căn bản (BT) (0.0)','GV:Hồ Chí Hưng','Phòng:C0604-Máy tính 8(Ca 1 - 2,06g30 - 11g30)','Tuần học: ------- 16- 17-18-- 20- 21- 22- 23- 24- 25- 26','Ngày học: 10/04, 17/04,24/04, 08/05, 15/05, 22/05, 29/05, 05/06, 12/06, 19/06',1513,40),('Thứ 6','232_1TH1219_(BT)_KS2A_11_tructiep (28 sv)',6,'TH1219_(BT) - Lập trình căn bản (BT) (0.0)','GV:Nguyễn Văn Hiếu','Phòng:A206-Máy tính 6(Ca 3 - 4,12g30 - 17g30)','Tuần học: -------- 17- 18- 19- 20- 21- 22- 23- 24- 25- 26','Ngày học: 19/04, 26/04, 03/05, 10/05, 17/05, 24/05, 31/05, 07/06, 14/06, 21/06',125,40),('Thứ 5','232_1TH1219_(BT)_KS2A_12_tructiep (27 sv)',5,'TH1219_(BT) - Lập trình căn bản (BT) (0.0)','GV:Lê Thị Hoàng Yến','Phòng:A208-Máy tính 5(Ca 3 - 4,12g30 - 17g30)','Tuần học: ------- 16-- 18-19- 20- 21- 22- 23- 24- 25- 26','Ngày học: 11/04, 25/04,02/05, 09/05, 16/05, 23/05, 30/05, 06/06, 13/06, 20/06',135,40),('Thứ 3','232_1TH1219_KS2A_01_tructiep (60 sv)',3,'TH1219 - Lập trình căn bản (2.2)','GV:Nguyễn Văn Hiếu','Phòng:C0606(Tiết 1 - 2,07g00 - 08g20)','Tuần học: --- 12- 13- 14- 15- 16- 17- 18-- 20- 21- 22- 23- 24- 25- 26- 27','Ngày học: 12/03, 19/03, 26/03, 02/04, 09/04, 16/04, 23/04, 07/05, 14/05, 21/05, 28/05, 04/06, 11/06, 18/06, 25/06',125,40),('Thứ 5','232_1TH1219_KS2A_02_tructiep (60 sv)',5,'TH1219 - Lập trình căn bản (2.2)','GV:Lê Thị Hoàng Yến','Phòng:C0606(Tiết 1 - 2,07g00 - 08g20)','Tuần học: --- 12- 13- 14- 15- 16-- 18-19- 20- 21- 22- 23- 24- 25- 26- 27','Ngày học: 14/03, 21/03, 28/03, 04/04, 11/04, 25/04,02/05, 09/05, 16/05, 23/05, 30/05, 06/06, 13/06, 20/06, 27/06',135,40),('Thứ 2','232_1TH1219_KS2A_04_tructiep (59 sv)',2,'TH1219 - Lập trình căn bản (2.2)','GV:Nguyễn Văn Hiếu','Phòng:C0703(Tiết 1 - 2,07g00 - 08g20)','Tuần học: --- 12- 13- 14- 15- 16- 17- 18-- 20- 21- 22- 23- 24- 25- 26- 27','Ngày học: 11/03, 18/03, 25/03, 01/04, 08/04, 15/04, 22/04, 06/05, 13/05, 20/05, 27/05, 03/06, 10/06, 17/06, 24/06',125,40),('Thứ 6','232_1TH1219_KS2A_06_tructiep (44 sv)',6,'TH1219 - Lập trình căn bản (2.2)','GV:Lê Thị Hoàng Yến','Phòng:C0706(Tiết 1 - 2,07g00 - 08g20)','Tuần học: --- 12- 13- 14- 15- 16- 17- 18-19- 20- 21- 22- 23- 24- 25- 26','Ngày học: 15/03, 22/03, 29/03, 05/04, 12/04, 19/04, 26/04,03/05, 10/05, 17/05, 24/05, 31/05, 07/06, 14/06, 21/06',135,40),('Thứ 5','232_1TH1222_(BT)_KS2A_tructiep (12 sv)',5,'TH1222_(BT) - Phân tích và thiết kế thuật toán (BT) (0.0)','GV:Nguyễn Văn Hiếu','Phòng:A207-Máy tính 4(Ca 4,15g20 - 17g30)','Tuần học: ------- 16-- 18- 19- 20- 21- 22- 23- 24- 25- 26','Ngày học: 11/04, 25/04, 02/05, 09/05, 16/05, 23/05, 30/05, 06/06, 13/06, 20/06',125,40),('Thứ 5','232_1TH1222_KS2A_tructiep (12 sv)',5,'TH1222 - Phân tích và thiết kế thuật toán (2.1)','GV:Nguyễn Văn Hiếu','Phòng:C0201(Tiết 6 - 7,13g00 - 14g20)','Tuần học: --- 12- 13- 14-- 16-- 18- 19- 20- 21- 22- 23- 24- 25- 26- 27','Ngày học: 14/03, 21/03, 28/03, 11/04, 25/04, 02/05, 09/05, 16/05, 23/05, 30/05, 06/06, 13/06, 20/06, 27/06',125,40),('Thứ 7','232_1TH1227_(BT)_KS2A_02_tructiep (28 sv)',7,'TH1227_(BT) - Biên tập và soạn thảo văn bản (BT) (0.0)','GV:Lê Thị Hạnh Hiền','Phòng:C0604-Máy tính 8(Ca 1 - 2,06g30 - 11g30)','Tuần học: ------------- 22- 23- 24- 25- 26','Ngày học: 25/05, 01/06, 08/06, 15/06, 22/06',169,40),('Thứ 6','232_1TH1227_(BT)_KS2A_03_tructiep (32 sv)',6,'TH1227_(BT) - Biên tập và soạn thảo văn bản (BT) (0.0)','GV:Lê Thị Hạnh Hiền','Phòng:C0602 - Phòng máy tính(Ca 3 - 4,12g30 - 17g30)','Tuần học: ------------- 22- 23- 24- 25- 26','Ngày học: 24/05, 31/05, 07/06, 14/06, 21/06',169,40),('Thứ 6','232_1TH1227_(BT)_KS2A_04_tructiep (30 sv)',6,'TH1227_(BT) - Biên tập và soạn thảo văn bản (BT) (0.0)','GV:Nguyễn Khắc Tường','Phòng:A205-Phòng thực tập mạng(Ca 1 - 2,06g30 - 11g30)','Tuần học: -------------- 23- 24- 25- 26','Ngày học: 31/05, 07/06, 14/06, 21/06',1515,40),('Chủ nhật','232_1TH1227_(BT)_KS2A_06_tructiep (30 sv)',8,'TH1227_(BT) - Biên tập và soạn thảo văn bản (BT) (0.0)','GV:Lê Thị Mỹ Tiên','Phòng:A205-Phòng thực tập mạng(Ca 3 - 4,12g30 - 17g30)','Tuần học: ------------- 22- 23- 24- 25- 26','Ngày học: 26/05, 02/06, 09/06, 16/06, 23/06',1514,40),('Chủ nhật','232_1TH1227_(BT)_KS2A_07_tructiep (30 sv)',8,'TH1227_(BT) - Biên tập và soạn thảo văn bản (BT) (0.0)','GV:Trần Thị Kim Ngân','Phòng:A205-Phòng thực tập mạng(Ca 1 - 2,06g30 - 11g30)','Tuần học: ------------- 22- 23- 24- 25- 26','Ngày học: 26/05, 02/06, 09/06, 16/06, 23/06',411,40),('Thứ 2','232_1TH1227_KS2A_01_tructiep (53 sv)',2,'TH1227 - Biên tập và soạn thảo văn bản (1.1)','GV:Lê Thị Hạnh Hiền','Phòng:C0606(Tiết 6 - 8,13g00 - 15g20)','Tuần học: -------------- 23- 24- 25- 26','Ngày học: 27/05, 03/06, 10/06, 17/06',169,40),('Thứ 2','232_1TH1305_(BT)_KS2A_tructiep (25 sv)',2,'TH1305_(BT) - PTTK hệ thống thông tin (BT) (0.0)','GV:Nguyễn Ngọc Hoàng Quyên','Phòng:A204-Máy tính 3(Ca 1,06g30 - 09g00)','Tuần học: -------- 17- 18-- 20- 21- 22- 23- 24- 25- 26- 27','Ngày học: 15/04, 22/04, 06/05, 13/05, 20/05, 27/05, 03/06, 10/06, 17/06, 24/06',1485,40),('Thứ 4','232_1TH1305_KS2A_tructiep (25 sv)',4,'TH1305 - PTTK hệ thống thông tin (2.1)','GV:Nguyễn Ngọc Nga','Phòng:C0103(Tiết 4 - 5,09g30 - 10g50)','Tuần học: --- 12- 13- 14- 15- 16- 17-18-- 20- 21- 22- 23- 24- 25- 26- 27','Ngày học: 13/03, 20/03, 27/03, 03/04, 10/04, 17/04,24/04, 08/05, 15/05, 22/05, 29/05, 05/06, 12/06, 19/06, 26/06',129,40),('Thứ 3','232_1TH1307_(BT)_KS2A_01_tructiep (24 sv)',3,'TH1307_(BT) - Hệ QTCSDL (BT) (0.0)','GV:Nguyễn Khắc Tường','Phòng:A207-Máy tính 4(Ca 4,15g20 - 17g30)','Tuần học: -------- 17- 18-- 20- 21- 22- 23- 24- 25- 26- 27','Ngày học: 16/04, 23/04, 07/05, 14/05, 21/05, 28/05, 04/06, 11/06, 18/06, 25/06',1515,40),('Thứ 4','232_1TH1307_(BT)_KS2A_02_tructiep (30 sv)',4,'TH1307_(BT) - Hệ QTCSDL (BT) (0.0)','GV:Lê Thị Hạnh Hiền','Phòng:A204-Máy tính 3(Ca 1,06g30 - 09g00)','Tuần học: -------- 17- 18-- 20- 21- 22- 23- 24- 25- 26- 27','Ngày học: 17/04, 24/04, 08/05, 15/05, 22/05, 29/05, 05/06, 12/06, 19/06, 26/06',169,40),('Thứ 4','232_1TH1307_(BT)_KS2A_03_tructiep (31 sv)',4,'TH1307_(BT) - Hệ QTCSDL (BT) (0.0)','GV:Lê Thị Hạnh Hiền','Phòng:A204-Máy tính 3(Ca 2,09g20 - 11g30)','Tuần học: ------- 16- 17- 18-- 20- 21- 22- 23- 24- 25- 26','Ngày học: 10/04, 17/04, 24/04, 08/05, 15/05, 22/05, 29/05, 05/06, 12/06, 19/06',169,40),('Thứ 4','232_1TH1307_(BT)_KS2A_04_tructiep (27 sv)',4,'TH1307_(BT) - Hệ QTCSDL (BT) (0.0)','GV:Nguyễn Ngọc Hoàng Quyên','Phòng:A206-Máy tính 6(Ca 1,06g30 - 09g00)','Tuần học: -------- 17- 18-- 20- 21- 22- 23- 24- 25- 26- 27','Ngày học: 17/04, 24/04, 08/05, 15/05, 22/05, 29/05, 05/06, 12/06, 19/06, 26/06',1485,40),('Thứ 3','232_1TH1307_KS2A_01_tructiep (63 sv)',3,'TH1307 - Hệ QTCSDL (2.1)','GV:Trần Thị Kim Ngân','Phòng:C0703(Tiết 6 - 7,13g00 - 14g20)','Tuần học: --- 12- 13- 14- 15- 16- 17- 18-- 20-21- 22- 23- 24- 25- 26- 27','Ngày học: 12/03, 19/03, 26/03, 02/04, 09/04, 16/04, 23/04, 07/05,14/05, 21/05, 28/05, 04/06, 11/06, 18/06, 25/06',411,40),('Thứ 3','232_1TH1307_KS2A_02_tructiep (49 sv)',3,'TH1307 - Hệ QTCSDL (2.1)','GV:Lê Thị Hạnh Hiền','Phòng:C0702(Tiết 9 - 10,15g30 - 16g50)','Tuần học: --- 12- 13- 14- 15- 16- 17- 18-- 20- 21- 22- 23- 24- 25- 26- 27','Ngày học: 12/03, 19/03, 26/03, 02/04, 09/04, 16/04, 23/04, 07/05, 14/05, 21/05, 28/05, 04/06, 11/06, 18/06, 25/06',169,40),('Thứ 5','232_1TH1309_(BT)_KS2A_01_tructiep (35 sv)',5,'TH1309_(BT) - Lập trình Java (BT) (0.0)','GV:Nguyễn Ngọc Nga','Phòng:C0604-Máy tính 8(Ca 2,09g20 - 11g30)','Tuần học: ---------18- 19- 20- 21- 22- 23- 24- 25- 26- 27','Ngày học:25/04, 02/05, 09/05, 16/05, 23/05, 30/05, 06/06, 13/06, 20/06, 27/06',129,40),('Thứ 3','232_1TH1309_(BT)_KS2A_02_tructiep (30 sv)',3,'TH1309_(BT) - Lập trình Java (BT) (0.0)','GV:Trần Thị Kim Ngân','Phòng:C0604-Máy tính 8(Ca 4,15g20 - 17g30)','Tuần học: ------- 16- 17- 18-- 20-21- 22- 23- 24- 25- 26','Ngày học: 09/04, 16/04, 23/04, 07/05,14/05, 21/05, 28/05, 04/06, 11/06, 18/06',411,40),('Thứ 3','232_1TH1309_(BT)_KS2A_03_tructiep (29 sv)',3,'TH1309_(BT) - Lập trình Java (BT) (0.0)','GV:Nguyễn Ngọc Hoàng Quyên','Phòng:A201-Máy tính 1(Ca 4,15g20 - 17g30)','Tuần học: -------- 17- 18-- 20- 21- 22- 23- 24- 25- 26- 27','Ngày học: 16/04, 23/04, 07/05, 14/05, 21/05, 28/05, 04/06, 11/06, 18/06, 25/06',1485,40),('Thứ 5','232_1TH1309_(BT)_KS2A_04_tructiep (32 sv)',5,'TH1309_(BT) - Lập trình Java (BT) (0.0)','GV:Trần Thị Kim Ngân','Phòng:C0604-Máy tính 8(Ca 3,12g30 - 15g00)','Tuần học: ------- 16-- 18- 19- 20-21- 22- 23- 24- 25- 26','Ngày học: 11/04, 25/04, 02/05, 09/05,16/05, 23/05, 30/05, 06/06, 13/06, 20/06',411,40),('Thứ 5','232_1TH1309_(BT)_KS2A_05_tructiep (35 sv)',5,'TH1309_(BT) - Lập trình Java (BT) (0.0)','GV:Trần Thị Kim Ngân','Phòng:C0605-Máy tính 9(Ca 2,09g20 - 11g30)','Tuần học: --------- 18- 19- 20-21- 22- 23- 24- 25- 26- 27','Ngày học: 25/04, 02/05, 09/05,16/05, 23/05, 30/05, 06/06, 13/06, 20/06, 27/06',411,40),('Thứ 5','232_1TH1309_(BT)_KS2A_06_tructiep (30 sv)',5,'TH1309_(BT) - Lập trình Java (BT) (0.0)','GV:Nguyễn Ngọc Nga','Phòng:A205-Phòng thực tập mạng(Ca 3,12g30 - 15g00)','Tuần học: ---------18- 19- 20- 21- 22- 23- 24- 25- 26- 27','Ngày học:25/04, 02/05, 09/05, 16/05, 23/05, 30/05, 06/06, 13/06, 20/06, 27/06',129,40),('Thứ 5','232_1TH1309_(BT)_KS2A_07_tructiep (15 sv)',5,'TH1309_(BT) - Lập trình Java (BT) (0.0)','GV:Nguyễn Ngọc Nga','Phòng:A205-Phòng thực tập mạng(Ca 4,15g20 - 17g30)','Tuần học: ---------18- 19- 20- 21- 22- 23- 24- 25- 26- 27','Ngày học:25/04, 02/05, 09/05, 16/05, 23/05, 30/05, 06/06, 13/06, 20/06, 27/06',129,40),('Thứ 5','232_1TH1309_KS2A_01_tructiep (69 sv)',5,'TH1309 - Lập trình Java (2.1)','GV:Nguyễn Ngọc Nga','Phòng:C0705(Tiết 1 - 2,07g00 - 08g20)','Tuần học: --- 12- 13- 14- 15- 16--18- 19- 20- 21- 22- 23- 24- 25- 26- 27','Ngày học: 14/03, 21/03, 28/03, 04/04, 11/04,25/04, 02/05, 09/05, 16/05, 23/05, 30/05, 06/06, 13/06, 20/06, 27/06',129,40),('Thứ 3','232_1TH1309_KS2A_02_tructiep (68 sv)',3,'TH1309 - Lập trình Java (2.1)','GV:Nguyễn Ngọc Nga','Phòng:C0704(Tiết 6 - 7,13g00 - 14g20)','Tuần học: --- 12- 13- 14- 15- 16- 17-18-- 20- 21- 22- 23- 24- 25- 26- 27','Ngày học: 12/03, 19/03, 26/03, 02/04, 09/04, 16/04,23/04, 07/05, 14/05, 21/05, 28/05, 04/06, 11/06, 18/06, 25/06',129,40),('Thứ 5','232_1TH1309_KS2A_03_tructiep (69 sv)',5,'TH1309 - Lập trình Java (2.1)','GV:Trần Thị Kim Ngân','Phòng:C0803(Tiết 1 - 2,07g00 - 08g20)','Tuần học: --- 12- 13- 14- 15- 16-- 18- 19- 20-21- 22- 23- 24- 25- 26- 27','Ngày học: 14/03, 21/03, 28/03, 04/04, 11/04, 25/04, 02/05, 09/05,16/05, 23/05, 30/05, 06/06, 13/06, 20/06, 27/06',411,40),('Thứ 2','232_1TH1314_(BT)_KS2A_01_tructiep (16 sv)',2,'TH1314_(BT) - Lập trình mạng (BT) (0.0)','GV:Trần Thị Kim Ngân','Phòng:A201-Máy tính 1(Ca 3,12g30 - 15g00)','Tuần học: -------- 17- 18-- 20-21- 22- 23- 24- 25- 26- 27','Ngày học: 15/04, 22/04, 06/05,13/05, 20/05, 27/05, 03/06, 10/06, 17/06, 24/06',411,40),('Thứ 4','232_1TH1314_(BT)_KS2A_02_tructiep (12 sv)',4,'TH1314_(BT) - Lập trình mạng (BT) (0.0)','GV:Nguyễn Thị Hồng Yến','Phòng:A205-Phòng thực tập mạng(Ca 3,12g30 - 15g00)','Tuần học: ------- 16- 17- 18-- 20- 21- 22- 23- 24- 25- 26','Ngày học: 10/04, 17/04, 24/04, 08/05, 15/05, 22/05, 29/05, 05/06, 12/06, 19/06',134,40),('Thứ 2','232_1TH1314_KS2A_tructiep (28 sv)',2,'TH1314 - Lập trình mạng (2.1)','GV:Nguyễn Thị Hồng Yến','Phòng:B0210(Tiết 1 - 3,07g00 - 09g20)','Tuần học: --- 12- 13- 14- 15- 16- 17- 18-- 20- 21- 22','Ngày học: 11/03, 18/03, 25/03, 01/04, 08/04, 15/04, 22/04, 06/05, 13/05, 20/05',134,40),('Thứ 4','232_1TH1316_(BT)_KS2A_01_tructiep (34 sv)',4,'TH1316_(BT) - Thiết kế mạng máy tính (BT) (0.0)','GV:Nguyễn Khắc Tường','Phòng:A202-Máy tính 2(Ca 3,12g30 - 15g00)','Tuần học: ------- 16- 17- 18-- 20- 21- 22- 23- 24- 25- 26','Ngày học: 10/04, 17/04, 24/04, 08/05, 15/05, 22/05, 29/05, 05/06, 12/06, 19/06',1515,40),('Thứ 3','232_1TH1316_(BT)_KS2A_02_tructiep (29 sv)',3,'TH1316_(BT) - Thiết kế mạng máy tính (BT) (0.0)','GV:Nguyễn Khắc Tường','Phòng:A202-Máy tính 2(Ca 3,12g30 - 15g00)','Tuần học: ------- 16- 17- 18-- 20- 21- 22- 23- 24- 25- 26','Ngày học: 09/04, 16/04, 23/04, 07/05, 14/05, 21/05, 28/05, 04/06, 11/06, 18/06',1515,40),('Thứ 5','232_1TH1316_(BT)_KS2A_03_tructiep (26 sv)',5,'TH1316_(BT) - Thiết kế mạng máy tính (BT) (0.0)','GV:Nguyễn Khắc Tường','Phòng:A204-Máy tính 3(Ca 3,12g30 - 15g00)','Tuần học: --------- 18- 19- 20- 21- 22- 23- 24- 25- 26- 27','Ngày học: 25/04, 02/05, 09/05, 16/05, 23/05, 30/05, 06/06, 13/06, 20/06, 27/06',1515,40),('Thứ 5','232_1TH1316_(BT)_KS2A_04_tructiep (24 sv)',5,'TH1316_(BT) - Thiết kế mạng máy tính (BT) (0.0)','GV:Trần Thái Bảo','Phòng:A207-Máy tính 4(Ca 3,12g30 - 15g00)','Tuần học: --------- 18- 19- 20- 21- 22- 23- 24- 25- 26- 27','Ngày học: 25/04, 02/05, 09/05, 16/05, 23/05, 30/05, 06/06, 13/06, 20/06, 27/06',123,40),('Thứ 2','232_1TH1316_KS2A_01_tructiep (61 sv)',2,'TH1316 - Thiết kế mạng máy tính (2.1)','GV:Trần Thái Bảo','Phòng:C0606(Tiết 4 - 5,09g30 - 10g50)','Tuần học: --- 12- 13- 14- 15-- 17- 18-- 20- 21- 22- 23- 24- 25- 26- 27','Ngày học: 11/03, 18/03, 25/03, 01/04, 15/04, 22/04, 06/05, 13/05, 20/05, 27/05, 03/06, 10/06, 17/06, 24/06',123,40),('Thứ 2','232_1TH1316_KS2A_02_tructiep (52 sv)',2,'TH1316 - Thiết kế mạng máy tính (2.1)','GV:Trần Thái Bảo','Phòng:C0704(Tiết 9 - 10,15g30 - 16g50)','Tuần học: --- 12- 13- 14--- 17- 18-- 20- 21- 22- 23- 24- 25- 26- 27','Ngày học: 11/03, 18/03, 25/03, 15/04, 22/04, 06/05, 13/05, 20/05, 27/05, 03/06, 10/06, 17/06, 24/06',123,40),('Thứ 6','232_1TH1319_(BT)_KS2A_tructiep (9 sv)',6,'TH1319_(BT) - Nguyên lý máy học (BT) (0.0)','GV:Nguyễn Ngọc Hoàng Quyên','Phòng:A205-Phòng thực tập mạng(Ca 4,15g20 - 17g30)','Tuần học: -------- 17- 18-- 20- 21- 22- 23- 24- 25- 26- 27','Ngày học: 19/04, 26/04, 10/05, 17/05, 24/05, 31/05, 07/06, 14/06, 21/06, 28/06',1485,40),('Thứ 6','232_1TH1319_KS2A_tructiep (9 sv)',6,'TH1319 - Nguyên lý máy học (2.1)','GV:Trần Phan An Trường','Phòng:C0304(Tiết 6 - 8,13g00 - 15g20)','Tuần học: -------- 17- 18- 19- 20- 21- 22- 23- 24- 25- 26','Ngày học: 19/04, 26/04, 03/05, 10/05, 17/05, 24/05, 31/05, 07/06, 14/06, 21/06',374,40),('Thứ 2','232_1TH1324_(BT)_KS2A_01_tructiep (28 sv)',2,'TH1324_(BT) - Phân tích thiết kế hướng đối tượng (BT) (0.0)','GV:Lê Thị Mỹ Tiên','Phòng:A205-Phòng thực tập mạng(Ca 4,15g20 - 17g30)','Tuần học: -------- 17-18-- 20- 21- 22- 23- 24- 25- 26- 27','Ngày học: 15/04,22/04, 06/05, 13/05, 20/05, 27/05, 03/06, 10/06, 17/06, 24/06',1514,40),('Thứ 3','232_1TH1324_(BT)_KS2A_02_tructiep (29 sv)',3,'TH1324_(BT) - Phân tích thiết kế hướng đối tượng (BT) (0.0)','GV:Hồ Chí Hưng','Phòng:A201-Máy tính 1(Ca 1,06g30 - 09g00)','Tuần học: ------- 16- 17-18-- 20- 21- 22- 23- 24- 25- 26','Ngày học: 09/04, 16/04,23/04, 07/05, 14/05, 21/05, 28/05, 04/06, 11/06, 18/06',1513,40),('Thứ 4','232_1TH1324_(BT)_KS2A_03_tructiep (20 sv)',4,'TH1324_(BT) - Phân tích thiết kế hướng đối tượng (BT) (0.0)','GV:Nguyễn Vạn Năng','Phòng:A202-Máy tính 2(Ca 1,06g30 - 09g00)','Tuần học: -------- 17-18-- 20- 21- 22- 23- 24- 25- 26- 27','Ngày học: 17/04,24/04, 08/05, 15/05, 22/05, 29/05, 05/06, 12/06, 19/06, 26/06',128,40),('Thứ 3','232_1TH1324_(BT)_KS2A_04_tructiep (21 sv)',3,'TH1324_(BT) - Phân tích thiết kế hướng đối tượng (BT) (0.0)','GV:Lê Thị Mỹ Tiên','Phòng:A202-Máy tính 2(Ca 1,06g30 - 09g00)','Tuần học: ------- 16- 17-18-- 20- 21- 22- 23- 24- 25- 26','Ngày học: 09/04, 16/04,23/04, 07/05, 14/05, 21/05, 28/05, 04/06, 11/06, 18/06',1514,40),('Thứ 2','232_1TH1324_(BT)_KS2A_05_tructiep (17 sv)',2,'TH1324_(BT) - Phân tích thiết kế hướng đối tượng (BT) (0.0)','GV:Nguyễn Vạn Năng','Phòng:A202-Máy tính 2(Ca 1,06g30 - 09g00)','Tuần học: -------- 17-18-- 20- 21- 22- 23- 24- 25- 26- 27','Ngày học: 15/04,22/04, 06/05, 13/05, 20/05, 27/05, 03/06, 10/06, 17/06, 24/06',128,40),('Thứ 2','232_1TH1324_KS2A_01_tructiep (61 sv)',2,'TH1324 - Phân tích thiết kế hướng đối tượng (2.1)','GV:Nguyễn Vạn Năng','Phòng:C0702(Tiết 6 - 7,13g00 - 14g20)','Tuần học: --- 12- 13- 14- 15- 16- 17-18-- 20- 21- 22- 23- 24- 25- 26- 27','Ngày học: 11/03, 18/03, 25/03, 01/04, 08/04, 15/04,22/04, 06/05, 13/05, 20/05, 27/05, 03/06, 10/06, 17/06, 24/06',128,40),('Thứ 3','232_1TH1324_KS2A_02_tructiep (54 sv)',3,'TH1324 - Phân tích thiết kế hướng đối tượng (2.1)','GV:Nguyễn Vạn Năng','Phòng:C0606(Tiết 9 - 10,15g30 - 16g50)','Tuần học: --- 12- 13- 14- 15- 16- 17-18-- 20- 21- 22- 23- 24- 25- 26- 27','Ngày học: 12/03, 19/03, 26/03, 02/04, 09/04, 16/04,23/04, 07/05, 14/05, 21/05, 28/05, 04/06, 11/06, 18/06, 25/06',128,40),('Thứ 5','232_1TH1333_(BT)_KS2A_01_tructiep (31 sv)',5,'TH1333_(BT) - Trí tuệ nhân tạo (BT) (0.0)','GV:Nguyễn Ngọc Hoàng Quyên','Phòng:A205-Phòng thực tập mạng(Ca 2,09g20 - 11g30)','Tuần học: --------- 18- 19- 20- 21- 22- 23- 24- 25- 26- 27','Ngày học: 25/04, 02/05, 09/05, 16/05, 23/05, 30/05, 06/06, 13/06, 20/06, 27/06',1485,40),('Thứ 4','232_1TH1333_(BT)_KS2A_02_tructiep (34 sv)',4,'TH1333_(BT) - Trí tuệ nhân tạo (BT) (0.0)','GV:Nguyễn Ngọc Hoàng Quyên','Phòng:A205-Phòng thực tập mạng(Ca 2,09g20 - 11g30)','Tuần học: ------- 16- 17- 18-- 20- 21- 22- 23- 24- 25- 26','Ngày học: 10/04, 17/04, 24/04, 08/05, 15/05, 22/05, 29/05, 05/06, 12/06, 19/06',1485,40),('Thứ 5','232_1TH1333_(BT)_KS2A_03_tructiep (32 sv)',5,'TH1333_(BT) - Trí tuệ nhân tạo (BT) (0.0)','GV:Nguyễn Khắc Tường','Phòng:A204-Máy tính 3(Ca 2,09g20 - 11g30)','Tuần học: --------- 18- 19- 20- 21- 22- 23- 24- 25- 26- 27','Ngày học: 25/04, 02/05, 09/05, 16/05, 23/05, 30/05, 06/06, 13/06, 20/06, 27/06',1515,40),('Thứ 5','232_1TH1333_(BT)_KS2A_04_tructiep (23 sv)',5,'TH1333_(BT) - Trí tuệ nhân tạo (BT) (0.0)','GV:Nguyễn Khắc Tường','Phòng:A204-Máy tính 3(Ca 1,06g30 - 09g00)','Tuần học: --------- 18- 19- 20- 21- 22- 23- 24- 25- 26- 27','Ngày học: 25/04, 02/05, 09/05, 16/05, 23/05, 30/05, 06/06, 13/06, 20/06, 27/06',1515,40),('Thứ 5','232_1TH1333_(BT)_KS2A_05_tructiep (24 sv)',5,'TH1333_(BT) - Trí tuệ nhân tạo (BT) (0.0)','GV:Nguyễn Ngọc Hoàng Quyên','Phòng:A205-Phòng thực tập mạng(Ca 1,06g30 - 09g00)','Tuần học: --------- 18- 19- 20- 21- 22- 23- 24- 25- 26- 27','Ngày học: 25/04, 02/05, 09/05, 16/05, 23/05, 30/05, 06/06, 13/06, 20/06, 27/06',1485,40),('Thứ 5','232_1TH1333_KS2A_01_tructiep (34 sv)',5,'TH1333 - Trí tuệ nhân tạo (2.1)','GV:Lê Hoàng An','Phòng:C0802(Tiết 1 - 2,07g00 - 08g20)','Tuần học: --- 12- 13- 14- 15- 16-- 18-19- 20- 21- 22- 23- 24- 25- 26- 27','Ngày học: 14/03, 21/03, 28/03, 04/04, 11/04, 25/04,02/05, 09/05, 16/05, 23/05, 30/05, 06/06, 13/06, 20/06, 27/06',122,40),('Thứ 3','232_1TH1333_KS2A_02_tructiep (71 sv)',3,'TH1333 - Trí tuệ nhân tạo (2.1)','GV:Lê Hoàng An','Phòng:C0103(Tiết 4 - 5,09g30 - 10g50)','Tuần học: --- 12- 13- 14','Ngày học: 12/03, 19/03, 26/03',122,40),('Thứ 2','232_1TH1333_KS2A_03_tructiep (39 sv)',2,'TH1333 - Trí tuệ nhân tạo (2.1)','GV:Lê Hoàng An','Phòng:C0103(Tiết 4 - 5,09g30 - 10g50)','Tuần học: --- 12- 13- 14','Ngày học: 11/03, 18/03, 25/03',122,40),('Thứ 4','232_1TH1335_(BT)_KS2A_01_tructiep (29 sv)',4,'TH1335_(BT) - Xử lý ảnh (BT) (0.0)','GV:Lê Thị Hoàng Yến','Phòng:A206-Máy tính 6(Ca 2,09g20 - 11g30)','Tuần học: -------- 17- 18-- 20- 21- 22- 23- 24- 25- 26- 27','Ngày học: 17/04, 24/04, 08/05, 15/05, 22/05, 29/05, 05/06, 12/06, 19/06, 26/06',135,40),('Thứ 4','232_1TH1335_(BT)_KS2A_02_tructiep (30 sv)',4,'TH1335_(BT) - Xử lý ảnh (BT) (0.0)','GV:Nguyễn Thị Mỹ Nga','Phòng:A201-Máy tính 1(Ca 4,15g20 - 17g30)','Tuần học: -------- 17-18-- 20- 21- 22- 23- 24- 25- 26- 27','Ngày học: 17/04,24/04, 08/05, 15/05, 22/05, 29/05, 05/06, 12/06, 19/06, 26/06',130,40),('Thứ 4','232_1TH1335_(BT)_KS2A_03_tructiep (15 sv)',4,'TH1335_(BT) - Xử lý ảnh (BT) (0.0)','GV:Lê Thị Hoàng Yến','Phòng:A206-Máy tính 6(Ca 4,15g20 - 17g30)','Tuần học: -------- 17- 18-- 20- 21- 22- 23- 24- 25- 26- 27','Ngày học: 17/04, 24/04, 08/05, 15/05, 22/05, 29/05, 05/06, 12/06, 19/06, 26/06',135,40),('Thứ 4','232_1TH1335_KS2A_01_tructiep (35 sv)',4,'TH1335 - Xử lý ảnh (2.1)','GV:Lê Thị Hoàng Yến','Phòng:C0703(Tiết 1 - 2,07g00 - 08g20)','Tuần học: --- 12- 13- 14- 15- 16- 17- 18-- 20- 21- 22- 23- 24- 25- 26- 27','Ngày học: 13/03, 20/03, 27/03, 03/04, 10/04, 17/04, 24/04, 08/05, 15/05, 22/05, 29/05, 05/06, 12/06, 19/06, 26/06',135,40),('Thứ 4','232_1TH1335_KS2A_02_tructiep (39 sv)',4,'TH1335 - Xử lý ảnh (2.1)','GV:Nguyễn Thị Mỹ Nga','Phòng:C0705(Tiết 6 - 7,13g00 - 14g20)','Tuần học: --- 12- 13- 14- 15- 16- 17-18-- 20- 21- 22- 23- 24- 25- 26- 27','Ngày học: 13/03, 20/03, 27/03, 03/04, 10/04, 17/04,24/04, 08/05, 15/05, 22/05, 29/05, 05/06, 12/06, 19/06, 26/06',130,40),('Thứ 7','232_1TH1336_(BT)_KS2A_01_tructiep (30 sv)',7,'TH1336_(BT) - Lập trình Web (BT) (0.0)','GV:Trần Thị Kim Ngân','Phòng:A207-Máy tính 4(Ca 3 - 4,12g30 - 17g30)','Tuần học: -------- 17-- 19- 20-21- 22- 23- 24- 25- 26- 27','Ngày học: 20/04, 04/05, 11/05,18/05, 25/05, 01/06, 08/06, 15/06, 22/06, 29/06',411,40),('Thứ 7','232_1TH1336_(BT)_KS2A_02_tructiep (23 sv)',7,'TH1336_(BT) - Lập trình Web (BT) (0.0)','GV:Nguyễn Khắc Tường','Phòng:C0605-Máy tính 9(Ca 3 - 4,12g30 - 17g30)','Tuần học: -------- 17-- 19- 20- 21- 22- 23- 24- 25- 26- 27','Ngày học: 20/04, 04/05, 11/05, 18/05, 25/05, 01/06, 08/06, 15/06, 22/06, 29/06',1515,40),('Thứ 6','232_1TH1336_KS2A_01_tructiep (25 sv)',6,'TH1336 - Lập trình Web (2.2)','GV:Trần Thị Kim Ngân','Phòng:C0702(Tiết 4 - 5,09g30 - 10g50)','Tuần học: --- 12- 13- 14- 15- 16- 17- 18- 19- 20-21- 22- 23- 24- 25- 26','Ngày học: 15/03, 22/03, 29/03, 05/04, 12/04, 19/04, 26/04, 03/05, 10/05,17/05, 24/05, 31/05, 07/06, 14/06, 21/06',411,40),('Thứ 6','232_1TH1336_KS2A_03_tructiep (28 sv)',6,'TH1336 - Lập trình Web (2.2)','GV:Trần Thị Kim Ngân','Phòng:C0606(Tiết 9 - 10,15g30 - 16g50)','Tuần học: --- 12- 13- 14- 15- 16- 17- 18-- 20-21- 22- 23- 24- 25- 26- 27','Ngày học: 15/03, 22/03, 29/03, 05/04, 12/04, 19/04, 26/04, 10/05,17/05, 24/05, 31/05, 07/06, 14/06, 21/06, 28/06',411,40),('Thứ 3','232_1TH1337_(BT)_KS2A_01_tructiep (30 sv)',3,'TH1337_(BT) - Lập trình dotNET (BT) (0.0)','GV:Trần Thị Tố Loan','Phòng:C0602 - Phòng máy tính(Ca 3 - 4,12g30 - 17g30)','Tuần học: -------- 17- 18-- 20- 21- 22- 23- 24- 25- 26- 27','Ngày học: 16/04, 23/04, 07/05, 14/05, 21/05, 28/05, 04/06, 11/06, 18/06, 25/06',126,40),('Thứ 6','232_1TH1337_(BT)_KS2A_02_tructiep (30 sv)',6,'TH1337_(BT) - Lập trình dotNET (BT) (0.0)','GV:Lê Thị Hoàng Yến','Phòng:A204-Máy tính 3(Ca 3 - 4,12g30 - 17g30)','Tuần học: -------- 17- 18-19- 20- 21- 22- 23- 24- 25- 26','Ngày học: 19/04, 26/04,03/05, 10/05, 17/05, 24/05, 31/05, 07/06, 14/06, 21/06',135,40),('Thứ 2','232_1TH1337_(BT)_KS2A_03_tructiep (30 sv)',2,'TH1337_(BT) - Lập trình dotNET (BT) (0.0)','GV:Lê Thị Hoàng Yến','Phòng:C0603 - Phòng máy tính(Ca 1 - 2,06g30 - 11g30)','Tuần học: -------- 17- 18-- 20- 21- 22- 23- 24- 25- 26- 27','Ngày học: 15/04, 22/04, 06/05, 13/05, 20/05, 27/05, 03/06, 10/06, 17/06, 24/06',135,40),('Thứ 2','232_1TH1337_(BT)_KS2A_04_tructiep (24 sv)',2,'TH1337_(BT) - Lập trình dotNET (BT) (0.0)','GV:Nguyễn Thị Mỹ Nga','Phòng:C0603 - Phòng máy tính(Ca 3 - 4,12g30 - 17g30)','Tuần học: -------- 17-18-- 20- 21- 22- 23- 24- 25- 26- 27','Ngày học: 15/04,22/04, 06/05, 13/05, 20/05, 27/05, 03/06, 10/06, 17/06, 24/06',130,40),('Thứ 7','232_1TH1337_(BT)_KS2A_05_tructiep (25 sv)',7,'TH1337_(BT) - Lập trình dotNET (BT) (0.0)','GV:Trần Thị Tố Loan','Phòng:C0605-Máy tính 9(Ca 1 - 2,06g30 - 11g30)','Tuần học: -------- 17-- 19- 20- 21- 22- 23- 24- 25- 26- 27','Ngày học: 20/04, 04/05, 11/05, 18/05, 25/05, 01/06, 08/06, 15/06, 22/06, 29/06',126,40),('Thứ 5','232_1TH1337_(BT)_KS2A_06_tructiep (26 sv)',5,'TH1337_(BT) - Lập trình dotNET (BT) (0.0)','GV:Nguyễn Thị Mỹ Nga','Phòng:A207-Máy tính 4(Ca 1 - 2,06g30 - 11g30)','Tuần học: ------- 16--18- 19- 20- 21- 22- 23- 24- 25- 26','Ngày học: 11/04,25/04, 02/05, 09/05, 16/05, 23/05, 30/05, 06/06, 13/06, 20/06',130,40),('Thứ 6','232_1TH1337_(BT)_KS2A_07_tructiep (30 sv)',6,'TH1337_(BT) - Lập trình dotNET (BT) (0.0)','GV:Hồ Chí Hưng','Phòng:C0604-Máy tính 8(Ca 1 - 2,06g30 - 11g30)','Tuần học: -------- 17-18- 19- 20- 21- 22- 23- 24- 25- 26','Ngày học: 19/04,26/04, 03/05, 10/05, 17/05, 24/05, 31/05, 07/06, 14/06, 21/06',1513,40),('Thứ 3','232_1TH1337_(BT)_KS2A_08_tructiep (28 sv)',3,'TH1337_(BT) - Lập trình dotNET (BT) (0.0)','GV:Nguyễn Thị Mỹ Nga','Phòng:C0603 - Phòng máy tính(Ca 3 - 4,12g30 - 17g30)','Tuần học: -------- 17-18-- 20- 21- 22- 23- 24- 25- 26- 27','Ngày học: 16/04,23/04, 07/05, 14/05, 21/05, 28/05, 04/06, 11/06, 18/06, 25/06',130,40),('Thứ 3','232_1TH1337_KS2A_01_tructiep (52 sv)',3,'TH1337 - Lập trình dotNET (2.2)','GV:Trần Thị Tố Loan','Phòng:C0702(Tiết 1 - 2,07g00 - 08g20)','Tuần học: --- 12- 13- 14- 15- 16- 17- 18-- 20- 21- 22- 23- 24- 25- 26- 27','Ngày học: 12/03, 19/03, 26/03, 02/04, 09/04, 16/04, 23/04, 07/05, 14/05, 21/05, 28/05, 04/06, 11/06, 18/06, 25/06',126,40),('Thứ 6','232_1TH1337_KS2A_02_tructiep (64 sv)',6,'TH1337 - Lập trình dotNET (2.2)','GV:Nguyễn Thị Mỹ Nga','Phòng:C0703(Tiết 4 - 5,09g30 - 10g50)','Tuần học: --- 12- 13- 14- 15- 16- 17-18- 19- 20- 21- 22- 23- 24- 25- 26','Ngày học: 15/03, 22/03, 29/03, 05/04, 12/04, 19/04,26/04, 03/05, 10/05, 17/05, 24/05, 31/05, 07/06, 14/06, 21/06',130,40),('Thứ 4','232_1TH1337_KS2A_03_tructiep (58 sv)',4,'TH1337 - Lập trình dotNET (2.2)','GV:Trần Thị Kim Ngân','Phòng:C0803(Tiết 1 - 2,07g00 - 08g20)','Tuần học: --- 12- 13- 14- 15- 16- 17- 18-- 20-21- 22- 23- 24- 25- 26- 27','Ngày học: 13/03, 20/03, 27/03, 03/04, 10/04, 17/04, 24/04, 08/05,15/05, 22/05, 29/05, 05/06, 12/06, 19/06, 26/06',411,40),('Thứ 3','232_1TH1337_KS2A_04_tructiep (49 sv)',3,'TH1337 - Lập trình dotNET (2.2)','GV:Lê Thị Hoàng Yến','Phòng:C0103(Tiết 1 - 2,07g00 - 08g20)','Tuần học: --- 12- 13- 14- 15- 16- 17- 18-- 20- 21- 22- 23- 24- 25- 26- 27','Ngày học: 12/03, 19/03, 26/03, 02/04, 09/04, 16/04, 23/04, 07/05, 14/05, 21/05, 28/05, 04/06, 11/06, 18/06, 25/06',135,40),('Thứ 6','232_1TH1338_(BT)_KS2A_01_tructiep (29 sv)',6,'TH1338_(BT) - Lập trình ứng dụng cho thiết bị di động (BT) (0.0)','GV:Nguyễn Khắc Tường','Phòng:C0603 - Phòng máy tính(Ca 3 - 4,12g30 - 17g30)','Tuần học: -------- 17- 18- 19- 20- 21- 22- 23- 24- 25- 26','Ngày học: 19/04, 26/04, 03/05, 10/05, 17/05, 24/05, 31/05, 07/06, 14/06, 21/06',1515,40),('Thứ 3','232_1TH1338_(BT)_KS2A_02_tructiep (9 sv)',3,'TH1338_(BT) - Lập trình ứng dụng cho thiết bị di động (BT) (0.0)','GV:Trần Thị Kim Ngân','Phòng:C0603 - Phòng máy tính(Ca 1 - 2,06g30 - 11g30)','Tuần học: ------- 16- 17- 18-- 20-21- 22- 23- 24- 25- 26','Ngày học: 09/04, 16/04, 23/04, 07/05,14/05, 21/05, 28/05, 04/06, 11/06, 18/06',411,40),('Thứ 6','232_1TH1338_KS2A_tructiep (38 sv)',6,'TH1338 - Lập trình ứng dụng cho thiết bị di động (2.2)','GV:Trần Thị Kim Ngân','Phòng:C0703(Tiết 1 - 2,07g00 - 08g20)','Tuần học: --- 12- 13- 14- 15- 16- 17- 18- 19- 20-21- 22- 23- 24- 25- 26','Ngày học: 15/03, 22/03, 29/03, 05/04, 12/04, 19/04, 26/04, 03/05, 10/05,17/05, 24/05, 31/05, 07/06, 14/06, 21/06',411,40),('Thứ 5','232_1TH1339_(BT)_KS2A_01_tructiep (30 sv)',5,'TH1339_(BT) - Quản trị mạng máy tính (BT) (0.0)','GV:Nguyễn Thị Hồng Yến','Phòng:A206-Máy tính 6(Ca 3 - 4,12g30 - 17g30)','Tuần học: --------- 18- 19- 20- 21- 22- 23- 24- 25- 26- 27','Ngày học: 25/04, 02/05, 09/05, 16/05, 23/05, 30/05, 06/06, 13/06, 20/06, 27/06',134,40),('Thứ 7','232_1TH1339_(BT)_KS2A_02_tructiep (10 sv)',7,'TH1339_(BT) - Quản trị mạng máy tính (BT) (0.0)','GV:Trần Hồ Đạt','Phòng:A204-Máy tính 3(Ca 1 - 2,06g30 - 11g30)','Tuần học: -------- 17-- 19- 20- 21- 22- 23- 24- 25- 26- 27','Ngày học: 20/04, 04/05, 11/05, 18/05, 25/05, 01/06, 08/06, 15/06, 22/06, 29/06',290,40),('Thứ 4','232_1TH1339_KS2A_tructiep (40 sv)',4,'TH1339 - Quản trị mạng máy tính (1.2)','GV:Trần Hồ Đạt','Phòng:C0704(Tiết 8 - 10,14g40 - 16g50)','Tuần học: --- 12- 13- 14- 15- 16','Ngày học: 13/03, 20/03, 27/03, 03/04, 10/04',290,40),('Thứ 6','232_1TH1341_(BT)_KS2A_tructiep (15 sv)',6,'TH1341_(BT) - An toàn và an ninh thông tin (BT) (0.0)','GV:Trần Thái Bảo','Phòng:A202-Máy tính 2(Ca 3,12g30 - 15g00)','Tuần học: -------- 17- 18- 19- 20- 21- 22- 23- 24- 25- 26','Ngày học: 19/04, 26/04, 03/05, 10/05, 17/05, 24/05, 31/05, 07/06, 14/06, 21/06',123,40),('Thứ 6','232_1TH1341_KS2A_tructiep (15 sv)',6,'TH1341 - An toàn và an ninh thông tin (2.1)','GV:Lê Hoàng An','Phòng:C0201(Tiết 9 - 10,15g30 - 16g50)','Tuần học: ------- 16','Ngày học: 12/04',122,40),('Thứ 6','232_1TH1342_(BT)_KS2A_01_tructiep (28 sv)',6,'TH1342_(BT) - Công nghệ mạng không dây (BT) (0.0)','GV:Nguyễn Khắc Tường','Phòng:A206-Máy tính 6(Ca 1 - 2,06g30 - 11g30)','Tuần học: --- 12- 13- 14- 15- 16','Ngày học: 15/03, 22/03, 29/03, 05/04, 12/04',1515,40),('Thứ 5','232_1TH1342_(BT)_KS2A_02_tructiep (30 sv)',5,'TH1342_(BT) - Công nghệ mạng không dây (BT) (0.0)','GV:Nguyễn Khắc Tường','Phòng:A206-Máy tính 6(Ca 3 - 4,12g30 - 17g30)','Tuần học: --- 12- 13- 14- 15- 16','Ngày học: 14/03, 21/03, 28/03, 04/04, 11/04',1515,40),('Thứ 7','232_1TH1342_(BT)_KS2A_03_tructiep (30 sv)',7,'TH1342_(BT) - Công nghệ mạng không dây (BT) (0.0)','GV:Nguyễn Khắc Tường','Phòng:A202-Máy tính 2(Ca 1 - 2,06g30 - 11g30)','Tuần học: --- 12- 13- 14- 15- 16','Ngày học: 16/03, 23/03, 30/03, 06/04, 13/04',1515,40),('Thứ 7','232_1TH1342_(BT)_KS2A_04_tructiep (17 sv)',7,'TH1342_(BT) - Công nghệ mạng không dây (BT) (0.0)','GV:Lê Duy Linh','Phòng:A205-Phòng thực tập mạng(Ca 1 - 2,06g30 - 11g30)','Tuần học: --- 12- 13- 14-- 16','Ngày học: 16/03, 23/03, 30/03, 13/04',1561,40),('Thứ 5','232_1TH1342_KS2A_01_tructiep (52 sv)',5,'TH1342 - Công nghệ mạng không dây (1.1)','GV:Trần Thái Bảo','Phòng:C0906(Tiết 1 - 3,07g00 - 09g20)','Tuần học: --- 12- 13- 14','Ngày học: 14/03, 21/03, 28/03',123,40),('Thứ 4','232_1TH1342_KS2A_02_tructiep (53 sv)',4,'TH1342 - Công nghệ mạng không dây (1.1)','GV:Trần Hồ Đạt','Phòng:C0705(Tiết 1 - 3,07g00 - 09g20)','Tuần học: --- 12- 13- 14- 15- 16','Ngày học: 13/03, 20/03, 27/03, 03/04, 10/04',290,40),('Thứ 6','232_1TH1346_(BT)_KS2A_tructiep (8 sv)',6,'TH1346_(BT) - Khai phá dữ liệu (BT) (0.0)','GV:Trần Thị Cẩm Tú','Phòng:C0605-Máy tính 9(Ca 2,09g20 - 11g30)','Tuần học: -------- 17-18- 19- 20- 21- 22- 23- 24- 25- 26','Ngày học: 19/04,26/04, 03/05, 10/05, 17/05, 24/05, 31/05, 07/06, 14/06, 21/06',299,40),('Thứ 6','232_1TH1346_KS2A_tructiep (8 sv)',6,'TH1346 - Khai phá dữ liệu (2.1)','GV:Trần Thị Cẩm Tú','Phòng:C0201(Tiết 1 - 2,07g00 - 08g20)','Tuần học: --- 12- 13- 14-- 16- 17-18- 19- 20- 21- 22- 23- 24- 25- 26','Ngày học: 15/03, 22/03, 29/03, 12/04, 19/04,26/04, 03/05, 10/05, 17/05, 24/05, 31/05, 07/06, 14/06, 21/06',299,40),('Thứ 7','232_1TH1354_KS2A_tructiep (12 sv)',7,'TH1354 - Anh văn chuyên ngành (2.0)','GV:Nguyễn Thị Mỹ Nga','Phòng:C0102(Tiết 6 - 7,13g00 - 14g20)','Tuần học: --- 12- 13- 14- 15- 16- 17-- 19- 20- 21- 22- 23- 24- 25- 26- 27','Ngày học: 16/03, 23/03, 30/03, 06/04, 13/04, 20/04, 04/05, 11/05, 18/05, 25/05, 01/06, 08/06, 15/06, 22/06, 29/06',130,40),('Thứ 2','232_1TH1356_(BT)_KS2A_tructiep (25 sv)',2,'TH1356_(BT) - Mạng trong IoT (BT) (0.0)','GV:Trần Phan An Trường','Phòng:A202-Máy tính 2(Ca 3,12g30 - 15g00)','Tuần học: -------- 17- 18-- 20- 21- 22- 23- 24- 25- 26- 27','Ngày học: 15/04, 22/04, 06/05, 13/05, 20/05, 27/05, 03/06, 10/06, 17/06, 24/06',374,40),('Thứ 2','232_1TH1356_KS2A_tructiep (25 sv)',2,'TH1356 - Mạng trong IoT (2.1)','GV:Trần Phan An Trường','Phòng:C0102(Tiết 1 - 2,07g00 - 08g20)','Tuần học: --- 12- 13- 14- 15- 16- 17- 18-- 20- 21- 22- 23- 24- 25- 26- 27','Ngày học: 11/03, 18/03, 25/03, 01/04, 08/04, 15/04, 22/04, 06/05, 13/05, 20/05, 27/05, 03/06, 10/06, 17/06, 24/06',374,40),('Thứ 7','232_1TH1358_(BT)_KS2A_01_tructiep (16 sv)',7,'TH1358_(BT) - Bảo mật ứng dụng Web (BT) (0.0)','GV:Hồ Chí Hưng','Phòng:A201-Máy tính 1(Ca 2,09g20 - 11g30)','Tuần học: -------- 17-- 19- 20- 21- 22- 23- 24- 25- 26- 27','Ngày học: 20/04, 04/05, 11/05, 18/05, 25/05, 01/06, 08/06, 15/06, 22/06, 29/06',1513,40),('Thứ 7','232_1TH1358_KS2A_tructiep (16 sv)',7,'TH1358 - Bảo mật ứng dụng Web (2.1)','GV:Trần Phan An Trường','Phòng:C0606(Tiết 1 - 2,07g00 - 08g20)','Tuần học: --- 12- 13- 14- 15- 16- 17-- 19- 20- 21- 22- 23- 24- 25- 26- 27','Ngày học: 16/03, 23/03, 30/03, 06/04, 13/04, 20/04, 04/05, 11/05, 18/05, 25/05, 01/06, 08/06, 15/06, 22/06, 29/06',374,40),('Thứ 4','232_1TH1359_(BT)_KS2A_01_tructiep (28 sv)',4,'TH1359_(BT) - Internet vạn vật (BT) (0.0)','GV:Trần Phan An Trường','Phòng:A205-Phòng thực tập mạng(Ca 4,15g20 - 17g30)','Tuần học: ------- 16- 17- 18-- 20- 21- 22- 23- 24- 25- 26','Ngày học: 10/04, 17/04, 24/04, 08/05, 15/05, 22/05, 29/05, 05/06, 12/06, 19/06',374,40),('Thứ 4','232_1TH1359_(BT)_KS2A_02_tructiep (30 sv)',4,'TH1359_(BT) - Internet vạn vật (BT) (0.0)','GV:Trần Phan An Trường','Phòng:A207-Máy tính 4(Ca 2,09g20 - 11g30)','Tuần học: -------- 17- 18-- 20- 21- 22- 23- 24- 25- 26- 27','Ngày học: 17/04, 24/04, 08/05, 15/05, 22/05, 29/05, 05/06, 12/06, 19/06, 26/06',374,40),('Thứ 3','232_1TH1359_(BT)_KS2A_03_tructiep (30 sv)',3,'TH1359_(BT) - Internet vạn vật (BT) (0.0)','GV:Lê Thị Mỹ Tiên','Phòng:A204-Máy tính 3(Ca 2,09g20 - 11g30)','Tuần học: ------- 16- 17-18-- 20- 21- 22- 23- 24- 25- 26','Ngày học: 09/04, 16/04,23/04, 07/05, 14/05, 21/05, 28/05, 04/06, 11/06, 18/06',1514,40),('Thứ 4','232_1TH1359_(BT)_KS2A_05_tructiep (14 sv)',4,'TH1359_(BT) - Internet vạn vật (BT) (0.0)','GV:Lê Thị Mỹ Tiên','Phòng:A208-Máy tính 5(Ca 4,15g20 - 17g30)','Tuần học: ------- 16- 17-18-- 20- 21- 22- 23- 24- 25- 26','Ngày học: 10/04, 17/04,24/04, 08/05, 15/05, 22/05, 29/05, 05/06, 12/06, 19/06',1514,40),('Thứ 4','232_1TH1359_KS2A_01_tructiep (65 sv)',4,'TH1359 - Internet vạn vật (2.1)','GV:Trần Phan An Trường','Phòng:C0606(Tiết 6 - 8,13g00 - 15g20)','Tuần học: -------------- 23- 24','Ngày học: 29/05, 05/06',374,40),('Thứ 6','232_1TH1361_(BT)_KS2A_tructiep (25 sv)',6,'TH1361_(BT) - Ứng dụng máy học trong IoT (BT) (0.0)','GV:Trần Phan An Trường','Phòng:A204-Máy tính 3(Ca 1 - 2,06g30 - 11g30)','Tuần học: --- 12- 13- 14- 15- 16','Ngày học: 15/03, 22/03, 29/03, 05/04, 12/04',374,40),('Thứ 5','232_1TH1361_KS2A_tructiep (25 sv)',5,'TH1361 - Ứng dụng máy học trong IoT (1.1)','GV:Trần Phan An Trường','Phòng:C0304(Tiết 6 - 8,13g00 - 15g20)','Tuần học: --- 12- 13- 14- 15- 16','Ngày học: 14/03, 21/03, 28/03, 04/04, 11/04',374,40),('Thứ 5','232_1TH1369_(BT)_KS2A_01_tructiep (30 sv)',5,'TH1369_(BT) - Phát triển ứng dụng IoT (BT) (0.0)','GV:Trần Phan An Trường','Phòng:A208-Máy tính 5(Ca 1 - 2,06g30 - 11g30)','Tuần học: --------- 18- 19- 20- 21- 22- 23- 24- 25- 26- 27','Ngày học: 25/04, 02/05, 09/05, 16/05, 23/05, 30/05, 06/06, 13/06, 20/06, 27/06',374,40),('Thứ 6','232_1TH1369_(BT)_KS2A_02_tructiep (29 sv)',6,'TH1369_(BT) - Phát triển ứng dụng IoT (BT) (0.0)','GV:Lê Thị Mỹ Tiên','Phòng:A207-Máy tính 4(Ca 3 - 4,12g30 - 17g30)','Tuần học: -------- 17-18- 19- 20- 21- 22- 23- 24- 25- 26','Ngày học: 19/04,26/04, 03/05, 10/05, 17/05, 24/05, 31/05, 07/06, 14/06, 21/06',1514,40),('Thứ 2','232_1TH1369_(BT)_KS2A_03_tructiep (17 sv)',2,'TH1369_(BT) - Phát triển ứng dụng IoT (BT) (0.0)','GV:Lê Thị Mỹ Tiên','Phòng:A208-Máy tính 5(Ca 1 - 2,06g30 - 11g30)','Tuần học: -------- 17-18-- 20- 21- 22- 23- 24- 25- 26- 27','Ngày học: 15/04,22/04, 06/05, 13/05, 20/05, 27/05, 03/06, 10/06, 17/06, 24/06',1514,40),('Thứ 6','232_1TH1369_(BT)_KS2A_04_tructiep (30 sv)',6,'TH1369_(BT) - Phát triển ứng dụng IoT (BT) (0.0)','GV:Lê Thị Mỹ Tiên','Phòng:A207-Máy tính 4(Ca 1 - 2,06g30 - 11g30)','Tuần học: -------- 17-18- 19- 20- 21- 22- 23- 24- 25- 26','Ngày học: 19/04,26/04, 03/05, 10/05, 17/05, 24/05, 31/05, 07/06, 14/06, 21/06',1514,40),('Thứ 4','232_1TH1369_KS2A_01_tructiep (61 sv)',4,'TH1369 - Phát triển ứng dụng IoT (1.2)','GV:Trần Phan An Trường','Phòng:C0704(Tiết 1 - 3,07g00 - 09g20)','Tuần học: --- 12- 13- 14- 15- 16','Ngày học: 13/03, 20/03, 27/03, 03/04, 10/04',374,40),('Thứ 6','232_1TH1369_KS2A_02_tructiep (69 sv)',6,'TH1369 - Phát triển ứng dụng IoT (1.2)','GV:Trần Phan An Trường','Phòng:C0403(Tiết 6 - 8,13g00 - 15g20)','Tuần học: --- 12- 13- 14- 15- 16','Ngày học: 15/03, 22/03, 29/03, 05/04, 12/04',374,40),('Thứ 7','232_1TH1370_(BT)_KS2A_tructiep (26 sv)',7,'TH1370_(BT) - Triển khai hệ thống mạng văn phòng (BT) (0.0)','GV:Trần Thái Bảo','Phòng:A201-Máy tính 1(Ca 3 - 4,12g30 - 17g30)','Tuần học: -------- 17-- 19- 20- 21- 22- 23- 24- 25- 26- 27','Ngày học: 20/04, 04/05, 11/05, 18/05, 25/05, 01/06, 08/06, 15/06, 22/06, 29/06',123,40),('Thứ 7','232_1TH1370_KS2A_tructiep (26 sv)',7,'TH1370 - Triển khai hệ thống mạng văn phòng (1.2)','GV:Trần Thái Bảo','Phòng:C0104(Tiết 6 - 8,13g00 - 15g20)','Tuần học: --- 12- 13- 14','Ngày học: 16/03, 23/03, 30/03',123,40),('Chủ nhật','232_1TH1376_(BT)_KS2A_02_tructiep (22 sv)',8,'TH1376_(BT) - Sensor và ứng dụng (BT) (0.0)','GV:Lê Thị Mỹ Tiên','Phòng:A204-Máy tính 3(Ca 1 - 2,06g30 - 11g30)','Tuần học: -------- 17-- 19- 20- 21- 22- 23- 24- 25- 26- 27','Ngày học: 21/04, 05/05, 12/05, 19/05, 26/05, 02/06, 09/06, 16/06, 23/06, 30/06',1514,40),('Thứ 5','232_1TH1376_KS2A_tructiep (52 sv)',5,'TH1376 - Sensor và ứng dụng (1.2)','GV:Trần Thị Kim Ngân','Phòng:C0705(Tiết 3 - 5,08g40 - 10g50)','Tuần học: --- 12- 13- 14- 15- 16','Ngày học: 14/03, 21/03, 28/03, 04/04, 11/04',411,40),('Thứ 7','232_1TH1381_(BT)_KS2A_tructiep (21 sv)',7,'TH1381_(BT) - Thị giác máy tính (BT) (0.0)','GV:Lê Thị Hoàng Yến','Phòng:A205-Phòng thực tập mạng(Ca 3 - 4,12g30 - 17g30)','Tuần học: -------- 17--19- 20- 21- 22- 23- 24- 25- 26- 27','Ngày học: 20/04,04/05, 11/05, 18/05, 25/05, 01/06, 08/06, 15/06, 22/06, 29/06',135,40),('Thứ 2','232_1TH1381_KS2A_tructiep (21 sv)',2,'TH1381 - Thị giác máy tính (2.2)','GV:Lê Thị Hoàng Yến','Phòng:A205-Phòng thực tập mạng(Tiết 6 - 7,13g00 - 14g20)','Tuần học: --- 12- 13- 14- 15- 16- 17- 18-- 20- 21- 22- 23- 24- 25- 26- 27','Ngày học: 11/03, 18/03, 25/03, 01/04, 08/04, 15/04, 22/04, 06/05, 13/05, 20/05, 27/05, 03/06, 10/06, 17/06, 24/06',135,40),('Thứ 3','232_1TH1382_(BT)_KS2A_tructiep (20 sv)',3,'TH1382_(BT) - Học sâu - Deep Learning (BT) (0.0)','GV:Nguyễn Thị Mỹ Nga','Phòng:A205-Phòng thực tập mạng(Ca 1 - 2,06g30 - 11g30)','Tuần học: ------- 16- 17-18-- 20- 21- 22- 23- 24- 25- 26','Ngày học: 09/04, 16/04,23/04, 07/05, 14/05, 21/05, 28/05, 04/06, 11/06, 18/06',130,40),('Thứ 2','232_1TH1382_KS2A_tructiep (20 sv)',2,'TH1382 - Học sâu - Deep Learning (2.2)','GV:Nguyễn Thị Mỹ Nga','Phòng:C0201(Tiết 1 - 2,07g00 - 08g20)','Tuần học: --- 12- 13- 14','Ngày học: 11/03, 18/03, 25/03',130,40),('Thứ 3','232_1TH1386_(BT)_KS2A_tructiep (20 sv)',3,'TH1386_(BT) - Robotic (BT) (0.0)','GV:Hồ Chí Hưng','Phòng:A205-Phòng thực tập mạng(Ca 3 - 4,12g30 - 17g30)','Tuần học: ------- 16','Ngày học: 09/04',1513,40),('Thứ 2','232_1TH1386_KS2A_tructiep (20 sv)',2,'TH1386 - Robotic (2.2)','GV:Trần Phan An Trường','Phòng:C0201(Tiết 4 - 5,09g30 - 10g50)','Tuần học: --- 12- 13- 14- 15- 16- 17- 18-- 20- 21- 22- 23- 24- 25- 26- 27','Ngày học: 11/03, 18/03, 25/03, 01/04, 08/04, 15/04, 22/04, 06/05, 13/05, 20/05, 27/05, 03/06, 10/06, 17/06, 24/06',374,40),('Thứ 3','232_1TH1395_(BT)_KS2A_tructiep (9 sv)',3,'TH1395_(BT) - Điện toán đám mây (BT) (0.0)','GV:Lê Thị Mỹ Tiên','Phòng:A208-Máy tính 5(Ca 4,15g20 - 17g30)','Tuần học: ------- 16- 17-18-- 20- 21- 22- 23- 24- 25- 26','Ngày học: 09/04, 16/04,23/04, 07/05, 14/05, 21/05, 28/05, 04/06, 11/06, 18/06',1514,40),('Thứ 3','232_1TH1395_KS2A_tructiep (9 sv)',3,'TH1395 - Điện toán đám mây (2.1)','GV:Trần Phan An Trường','Phòng:A210-Ngoại ngữ 01(Tiết 6 - 7,13g00 - 14g20)','Tuần học: ------ 15','Ngày học: 02/04',374,40),('Thứ 4','232_1TH1396_(BT)_KS2A_tructiep (18 sv)',4,'TH1396_(BT) - Cơ sở dữ liệu phân tán (BT) (0.0)','GV:Nguyễn Ngọc Nga','Phòng:A207-Máy tính 4(Ca 3 - 4,12g30 - 17g30)','Tuần học: ------- 16- 17-18-- 20- 21- 22- 23- 24- 25- 26','Ngày học: 10/04, 17/04,24/04, 08/05, 15/05, 22/05, 29/05, 05/06, 12/06, 19/06',129,40),('Thứ 2','232_1TH1396_KS2A_tructiep (18 sv)',2,'TH1396 - Cơ sở dữ liệu phân tán (2.2)','GV:Nguyễn Ngọc Nga','Phòng:C0201(Tiết 9 - 10,15g30 - 16g50)','Tuần học: --- 12- 13- 14- 15- 16- 17-18-- 20- 21- 22- 23- 24- 25- 26- 27','Ngày học: 11/03, 18/03, 25/03, 01/04, 08/04, 15/04,22/04, 06/05, 13/05, 20/05, 27/05, 03/06, 10/06, 17/06, 24/06',129,40),('Thứ 6','232_1TH1397_(BT)_KS2A_tructiep (13 sv)',6,'TH1397_(BT) - Lập trình .NET (BT) (0.0)','GV:Hồ Chí Hưng','Phòng:C0604-Máy tính 8(Ca 3 - 4,12g30 - 17g30)','Tuần học: -------- 17-18- 19- 20- 21- 22- 23- 24- 25- 26','Ngày học: 19/04,26/04, 03/05, 10/05, 17/05, 24/05, 31/05, 07/06, 14/06, 21/06',1513,40),('Thứ 6','232_1TH1397_KS2A_tructiep (13 sv)',6,'TH1397 - Lập trình .NET (2.2)','GV:Trần Thị Tố Loan','Phòng:C0201(Tiết 4 - 5,09g30 - 10g50)','Tuần học: --- 12- 13- 14-- 16- 17- 18- 19- 20- 21- 22- 23- 24- 25- 26','Ngày học: 15/03, 22/03, 29/03, 12/04, 19/04, 26/04, 03/05, 10/05, 17/05, 24/05, 31/05, 07/06, 14/06, 21/06',126,40),('Thứ 3','232_1TH1401_CN2A_tructiep (28 sv)',3,'TH1401 - Anh văn chuyên ngành truyền thông (2.0)','GV:Trần Thị Cẩm Tú','Phòng:C0102(Tiết 1 - 2,07g00 - 08g20)','Tuần học: --- 12- 13- 14- 15- 16- 17-18-- 20- 21- 22- 23- 24- 25- 26- 27','Ngày học: 12/03, 19/03, 26/03, 02/04, 09/04, 16/04,23/04, 07/05, 14/05, 21/05, 28/05, 04/06, 11/06, 18/06, 25/06',299,40),('Thứ 4','232_1TH1407_(BT)_CN2A_tructiep (28 sv)',4,'TH1407_(BT) - Thiết kế ấn phẩm báo chí (BT) (0.0)','GV:Trần Thu Mai','Phòng:C0605-Máy tính 9(Ca 3 - 4,12g30 - 17g30)','Tuần học: ------- 16- 17- 18-- 20- 21- 22- 23- 24- 25- 26','Ngày học: 10/04, 17/04, 24/04, 08/05, 15/05, 22/05, 29/05, 05/06, 12/06, 19/06',127,40),('Thứ 4','232_1TH1407_CN2A_tructiep (28 sv)',4,'TH1407 - Thiết kế ấn phẩm báo chí (2.2)','GV:Trần Thu Mai','Phòng:C0102(Tiết 4 - 5,09g30 - 10g50)','Tuần học: --- 12- 13- 14- 15- 16- 17- 18-- 20- 21- 22- 23- 24- 25- 26- 27','Ngày học: 13/03, 20/03, 27/03, 03/04, 10/04, 17/04, 24/04, 08/05, 15/05, 22/05, 29/05, 05/06, 12/06, 19/06, 26/06',127,40),('Ngoài giờ học','232_1TH1507_KS3A_01_ngoaigio (10 sv)',1,'TH1507 - Đồ án CNTT 1 (0.1)','GV:Trần Phan An Trường','Phòng:SV LH GV hướng dẫn(Tiết 1 - 3,07g00 - 09g20)','Tuần học: --- 12- 13- 14- 15- 16- 17- 18- 19- 20- 21- 22- 23- 24- 25- 26',NULL,374,40),('Ngoài giờ học','232_1TH1507_KS3A_02_ngoaigio (9 sv)',1,'TH1507 - Đồ án CNTT 1 (0.1)','GV:Lê Thị Hạnh Hiền','Phòng:SV LH GV hướng dẫn(Tiết 1 - 2,07g00 - 08g20)','Tuần học: --- 12- 13- 14- 15- 16- 17- 18- 19- 20- 21- 22- 23- 24- 25- 26',NULL,169,40),('Ngoài giờ học','232_1TH1507_KS3A_03_ngoaigio (16 sv)',1,'TH1507 - Đồ án CNTT 1 (0.1)','GV:Nguyễn Ngọc Nga','Phòng:SV LH GV hướng dẫn(Tiết 4 - 5,09g30 - 10g50)','Tuần học: --- 12- 13- 14- 15- 16- 17-18- 19- 20- 21- 22- 23- 24- 25- 26',NULL,129,40),('Ngoài giờ học','232_1TH1507_KS3A_04_ngoaigio (16 sv)',1,'TH1507 - Đồ án CNTT 1 (0.1)','GV:Nguyễn Văn Hiếu','Phòng:SV LH GV hướng dẫn(Tiết 6 - 7,13g00 - 14g20)','Tuần học: --- 12- 13- 14- 15- 16- 17- 18- 19- 20- 21- 22- 23- 24- 25- 26',NULL,125,40),('Ngoài giờ học','232_1TH1507_KS3A_05_ngoaigio (16 sv)',1,'TH1507 - Đồ án CNTT 1 (0.1)','GV:Trần Thị Kim Ngân','Phòng:SV LH GV hướng dẫn(Tiết 9 - 10,15g30 - 16g50)','Tuần học: --- 12- 13- 14- 15- 16- 17- 18- 19- 20-21- 22- 23- 24- 25- 26',NULL,411,40),('Ngoài giờ học','232_1TH1507_KS3A_06_ngoaigio (16 sv)',1,'TH1507 - Đồ án CNTT 1 (0.1)','GV:Nguyễn Công Kha','Phòng:SV LH GV hướng dẫn(Tiết 9 - 10,15g30 - 16g50)','Tuần học: --- 12- 13- 14- 15- 16- 17- 18- 19- 20- 21- 22- 23- 24- 25- 26',NULL,1521,40),('Ngoài giờ học','232_1TH1507_KS3A_07_ngoaigio (16 sv)',1,'TH1507 - Đồ án CNTT 1 (0.1)','GV:Trần Thị Tố Loan','Phòng:SV LH GV hướng dẫn(Tiết 1 - 2,07g00 - 08g20)','Tuần học: --- 12- 13- 14- 15- 16- 17- 18- 19- 20- 21- 22- 23- 24- 25- 26',NULL,126,40),('Ngoài giờ học','232_1TH1507_KS3A_08_ngoaigio (16 sv)',1,'TH1507 - Đồ án CNTT 1 (0.1)','GV:Trần Thu Mai','Phòng:SV LH GV hướng dẫn(Tiết 4 - 5,09g30 - 10g50)','Tuần học: --- 12- 13- 14- 15- 16- 17- 18- 19- 20- 21- 22- 23- 24- 25- 26',NULL,127,40),('Ngoài giờ học','232_1TH1507_KS3A_10_ngoaigio (16 sv)',1,'TH1507 - Đồ án CNTT 1 (0.1)','GV:Nguyễn Vạn Năng','Phòng:SV LH GV hướng dẫn(Tiết 9 - 10,15g30 - 16g50)','Tuần học: --- 12- 13- 14- 15- 16- 17-18- 19- 20- 21- 22- 23- 24- 25- 26',NULL,128,40),('Ngoài giờ học','232_1TH1510_KS3A_01_ngoaigio (9 sv)',1,'TH1510 - Đồ án cơ sở ngành Khoa học máy tính (0.2)','GV:Lê Hoàng An','Phòng:SV LH GV hướng dẫn(Tiết 1 - 3,07g00 - 09g20)','Tuần học: --- 12- 13- 14- 15- 16- 17- 18-19- 20- 21- 22- 23- 24- 25- 26',NULL,122,40),('Ngoài giờ học','232_1TH1510_KS3A_02_ngoaigio (10 sv)',1,'TH1510 - Đồ án cơ sở ngành Khoa học máy tính (0.2)','GV:Trần Thái Bảo','Phòng:SV LH GV hướng dẫn(Tiết 6 - 7,13g00 - 14g20)','Tuần học: --- 12- 13- 14- 15- 16- 17- 18- 19- 20- 21- 22- 23- 24- 25- 26',NULL,123,40),('Ngoài giờ học','232_1TH1512_KS3A_01_ngoaigio (9 sv)',1,'TH1512 - Đồ án CNTT 2 (0.2)','GV:Lê Thị Hoàng Yến','Phòng:SV LH GV hướng dẫn(Tiết 1 - 3,07g00 - 09g20)','Tuần học: --- 12- 13- 14- 15- 16- 17- 18-19- 20- 21- 22- 23- 24- 25- 26',NULL,135,40),('Ngoài giờ học','232_1TH1512_KS3A_02_ngoaigio (10 sv)',1,'TH1512 - Đồ án CNTT 2 (0.2)','GV:Nguyễn Thị Mỹ Nga','Phòng:SV LH GV hướng dẫn(Tiết 1 - 2,07g00 - 08g20)','Tuần học: --- 12- 13- 14- 15- 16- 17-18- 19- 20- 21- 22- 23- 24- 25- 26',NULL,130,40),('Ngoài giờ học','232_1TH1512_KS3A_03_ngoaigio (11 sv)',1,'TH1512 - Đồ án CNTT 2 (0.2)','GV:Trần Thị Cẩm Tú','Phòng:SV LH GV hướng dẫn(Tiết 6 - 7,13g00 - 14g20)','Tuần học: --- 12- 13- 14- 15- 16- 17-18- 19- 20- 21- 22- 23- 24- 25- 26',NULL,299,40),('Ngoài giờ học','232_1TH1512_KS3A_04_ngoaigio (11 sv)',1,'TH1512 - Đồ án CNTT 2 (0.2)','GV:Nguyễn Thị Hồng Yến','Phòng:SV LH GV hướng dẫn(Tiết 9 - 10,15g30 - 16g50)','Tuần học: --- 12- 13- 14- 15- 16- 17- 18- 19- 20- 21- 22- 23- 24- 25- 26',NULL,134,40),('Chủ nhật','232_1TH1514_(BT)_KS2A_01_tructiep (25 sv)',8,'TH1514_(BT) - Thiết kế đồ họa (BT) (0.0)','GV:Trần Thị Tố Loan','Phòng:A206-Máy tính 6(Ca 1 - 2,06g30 - 11g30)','Tuần học: -------- 17-- 19- 20- 21- 22- 23- 24- 25- 26- 27','Ngày học: 21/04, 05/05, 12/05, 19/05, 26/05, 02/06, 09/06, 16/06, 23/06, 30/06',126,40),('Chủ nhật','232_1TH1514_(BT)_KS2A_02_tructiep (11 sv)',8,'TH1514_(BT) - Thiết kế đồ họa (BT) (0.0)','GV:Trần Thu Mai','Phòng:A201-Máy tính 1(Ca 3 - 4,12g30 - 17g30)','Tuần học: -------- 17-- 19- 20- 21- 22- 23- 24- 25- 26- 27','Ngày học: 21/04, 05/05, 12/05, 19/05, 26/05, 02/06, 09/06, 16/06, 23/06, 30/06',127,40),('Thứ 3','232_1TH1514_KS2A_tructiep (36 sv)',3,'TH1514 - Thiết kế đồ họa (1.2)','GV:Trần Thị Tố Loan','Phòng:C1003(Tiết 6 - 8,13g00 - 15g20)','Tuần học: --- 12- 13- 14- 15- 16','Ngày học: 12/03, 19/03, 26/03, 02/04, 09/04',126,40),('Thứ 5','232_1TH1521_KS2A_01_tructiep (29 sv)',5,'TH1521 - Lắp ráp cài đặt máy tính (0.2)','GV:Nguyễn Công Kha','Phòng:A306-Phòng thực hành Lắp cáp mạng thông tin(Ca 3 - 4,12g30 - 17g30)','Tuần học: --------- 18- 19- 20- 21- 22- 23- 24- 25- 26- 27','Ngày học: 25/04, 02/05, 09/05, 16/05, 23/05, 30/05, 06/06, 13/06, 20/06, 27/06',1521,40),('Thứ 3','232_1TH1521_KS2A_03_tructiep (31 sv)',3,'TH1521 - Lắp ráp cài đặt máy tính (0.2)','GV: Lê Duy Linh','Phòng: A306-Phòng thực hành Lắp cáp mạng thông tin (Ca 1 - 2, 06g30 - 11g30)','Tuần học: ------- 16- 17- 18-- 20- 21- 22- 23- 24- 25- 26','Ngày học: 09/04, 16/04, 23/04, 07/05, 14/05, 21/05, 28/05, 04/06, 11/06, 18/06',1561,40),('Thứ 4','232_1TH1521_KS2A_04_tructiep (32 sv)',4,'TH1521 - Lắp ráp cài đặt máy tính (0.2)','GV:Nguyễn Khắc Tường','Phòng:A306-Phòng thực hành Lắp cáp mạng thông tin(Ca 1 - 2,06g30 - 11g30)','Tuần học: ------- 16','Ngày học: 10/04',1515,40),('Thứ 5','232_1TH1521_KS2A_05_tructiep (30 sv)',5,'TH1521 - Lắp ráp cài đặt máy tính (0.2)','GV:Nguyễn Công Kha','Phòng:A306-Phòng thực hành Lắp cáp mạng thông tin(Ca 1 - 2,06g30 - 11g30)','Tuần học: ------- 16-- 18- 19- 20- 21- 22- 23- 24- 25- 26','Ngày học: 11/04, 25/04, 02/05, 09/05, 16/05, 23/05, 30/05, 06/06, 13/06, 20/06',1521,40),('Thứ 6','232_1TH1521_KS2A_06_tructiep (30 sv)',6,'TH1521 - Lắp ráp cài đặt máy tính (0.2)','GV:Lê Hoàng An','Phòng:A306-Phòng thực hành Lắp cáp mạng thông tin(Ca 1 - 2,06g30 - 11g30)','Tuần học: -------- 17- 18-19- 20- 21- 22- 23- 24- 25- 26','Ngày học: 19/04, 26/04,03/05, 10/05, 17/05, 24/05, 31/05, 07/06, 14/06, 21/06',122,40),('Thứ 3','232_1TH1521_KS2A_07_TRUCTIEP (30 sv)',3,'TH1521 - Lắp ráp cài đặt máy tính (0.2)','GV:Nguyễn Công Kha','Phòng:A306-Phòng thực hành Lắp cáp mạng thông tin(Ca 3 - 4,12g30 - 17g30)','Tuần học: -------- 17- 18-- 20- 21- 22- 23- 24- 25- 26- 27','Ngày học: 16/04, 23/04, 07/05, 14/05, 21/05, 28/05, 04/06, 11/06, 18/06, 25/06',1521,40),('Thứ 4','232_1TH1522_KS2A_02_tructiep (17 sv)',4,'TH1522 - Tin học ứng dụng (0.2)','GV:Trần Thị Tố Loan','Phòng:C0603 - Phòng máy tính(Ca 1 - 2,06g30 - 11g30)','Tuần học: ------- 16- 17- 18-- 20- 21- 22- 23- 24- 25- 26','Ngày học: 10/04, 17/04, 24/04, 08/05, 15/05, 22/05, 29/05, 05/06, 12/06, 19/06',126,40),('Thứ 5','232_1TH1522_KS2A_03_tructiep (31 sv)',5,'TH1522 - Tin học ứng dụng (0.2)','GV:Trần Thị Tố Loan','Phòng:C0603 - Phòng máy tính(Ca 3 - 4,12g30 - 17g30)','Tuần học: ------- 16-- 18- 19- 20- 21- 22- 23- 24- 25- 26','Ngày học: 11/04, 25/04, 02/05, 09/05, 16/05, 23/05, 30/05, 06/06, 13/06, 20/06',126,40),('Thứ 5','232_1TH1522_KS2A_04_tructiep (26 sv)',5,'TH1522 - Tin học ứng dụng (0.2)','GV:Trần Thị Tố Loan','Phòng:C0603 - Phòng máy tính(Ca 1 - 2,06g30 - 11g30)','Tuần học: ------- 16-- 18- 19- 20- 21- 22- 23- 24- 25- 26','Ngày học: 11/04, 25/04, 02/05, 09/05, 16/05, 23/05, 30/05, 06/06, 13/06, 20/06',126,40),('Thứ 6','232_1TH1522_KS2A_05_tructiep (27 sv)',6,'TH1522 - Tin học ứng dụng (0.2)','GV:Trần Thu Mai','Phòng:C0603 - Phòng máy tính(Ca 1 - 2,06g30 - 11g30)','Tuần học: -------- 17- 18- 19- 20- 21- 22- 23- 24- 25- 26','Ngày học: 19/04, 26/04, 03/05, 10/05, 17/05, 24/05, 31/05, 07/06, 14/06, 21/06',127,40),('Thứ 2','232_1TH1525_KS2A_tructiep (29 sv)',2,'TH1525 - Thiết kế diễn đàn trực tuyến (0.2)','GV:Hồ Chí Hưng','Phòng:C0605-Máy tính 9(Ca 3 - 4,12g30 - 17g30)','Tuần học: -------- 17-18-- 20- 21- 22- 23- 24- 25- 26- 27','Ngày học: 15/04,22/04, 06/05, 13/05, 20/05, 27/05, 03/06, 10/06, 17/06, 24/06',1513,40),('Thứ 7','232_1TH1526_KS2A_01_tructiep (34 sv)',7,'TH1526 - Hệ thống thông tin quang (0.2)','GV:Lê Duy Linh','Phòng:A306-Phòng thực hành Lắp cáp mạng thông tin(Ca 3 - 4,12g30 - 17g30)','Tuần học: -------- 17-- 19- 20- 21- 22- 23- 24- 25- 26- 27','Ngày học: 20/04, 04/05, 11/05, 18/05, 25/05, 01/06, 08/06, 15/06, 22/06, 29/06',1561,40),('Ngoài giờ học','232_1TH1602_KS3A_01_ngoaigio (11 sv)',1,'TH1602 - Khóa luận tốt nghiệp (0.10)','GV:Phan Anh Cang','Phòng:SV LH GV hướng dẫn(Tiết 6 - 8,13g00 - 15g20)','Tuần học: --- 12- 13- 14- 15- 16- 17- 18- 19- 20- 21- 22- 23- 24- 25- 26',NULL,171,40),('Ngoài giờ học','232_1TH1602_KS3A_02_ngoaigio (5 sv)',1,'TH1602 - Khóa luận tốt nghiệp (0.10)','GV:Trần Hồ Đạt','Phòng:SV LH GV hướng dẫn(Tiết 4 - 5,09g30 - 10g50)','Tuần học: --- 12- 13- 14- 15- 16- 17- 18- 19- 20- 21- 22- 23- 24- 25- 26',NULL,290,40),('Ngoài giờ học','232_1TH1602_KS3A_03_ngoaigio (6 sv)',1,'TH1602 - Khóa luận tốt nghiệp (0.10)','GV:Trần Phan An Trường','Phòng:SV LH GV hướng dẫn(Tiết 6 - 7,13g00 - 14g20)','Tuần học: --- 12- 13- 14- 15- 16- 17- 18- 19- 20- 21- 22- 23- 24- 25- 26',NULL,374,40),('Thứ 2','232_1TH1606_(BT)_KS2A_01_tructiep (35 sv)',2,'TH1606_(BT) - Thương mại điện tử (BT) (0.0)','GV:Hồ Chí Hưng','Phòng:C0605-Máy tính 9(Ca 1,06g30 - 09g00)','Tuần học: -------- 17-18-- 20- 21- 22- 23- 24- 25- 26- 27','Ngày học: 15/04,22/04, 06/05, 13/05, 20/05, 27/05, 03/06, 10/06, 17/06, 24/06',1513,40),('Thứ 2','232_1TH1606_(BT)_KS2A_02_tructiep (33 sv)',2,'TH1606_(BT) - Thương mại điện tử (BT) (0.0)','GV:Trần Thu Mai','Phòng:A204-Máy tính 3(Ca 3,12g30 - 15g00)','Tuần học: -------- 17- 18-- 20- 21- 22- 23- 24- 25- 26- 27','Ngày học: 15/04, 22/04, 06/05, 13/05, 20/05, 27/05, 03/06, 10/06, 17/06, 24/06',127,40),('Thứ 2','232_1TH1606_KS2A_01_tructiep (68 sv)',2,'TH1606 - Thương mại điện tử (2.1)','GV:Trần Thu Mai','Phòng:C0705(Tiết 4 - 5,09g30 - 10g50)','Tuần học: --- 12- 13- 14- 15- 16- 17- 18-- 20- 21- 22- 23- 24- 25- 26- 27','Ngày học: 11/03, 18/03, 25/03, 01/04, 08/04, 15/04, 22/04, 06/05, 13/05, 20/05, 27/05, 03/06, 10/06, 17/06, 24/06',127,40),('Thứ 3','232_1TH1607_(BT)_KS2A_01_tructiep (30 sv)',3,'TH1607_(BT) - Cơ sở dữ liệu phân tán (BT) (0.0)','GV:Nguyễn Ngọc Nga','Phòng:A204-Máy tính 3(Ca 1,06g30 - 09g00)','Tuần học: ------- 16- 17-18-- 20- 21- 22- 23- 24- 25- 26','Ngày học: 09/04, 16/04,23/04, 07/05, 14/05, 21/05, 28/05, 04/06, 11/06, 18/06',129,40),('Thứ 3','232_1TH1607_(BT)_KS2A_02_tructiep (34 sv)',3,'TH1607_(BT) - Cơ sở dữ liệu phân tán (BT) (0.0)','GV:Nguyễn Ngọc Hoàng Quyên','Phòng:A201-Máy tính 1(Ca 3,12g30 - 15g00)','Tuần học: -------- 17- 18-- 20- 21- 22- 23- 24- 25- 26- 27','Ngày học: 16/04, 23/04, 07/05, 14/05, 21/05, 28/05, 04/06, 11/06, 18/06, 25/06',1485,40),('Thứ 2','232_1TH1607_(BT)_KS2A_03_tructiep (25 sv)',2,'TH1607_(BT) - Cơ sở dữ liệu phân tán (BT) (0.0)','GV:Nguyễn Ngọc Hoàng Quyên','Phòng:A207-Máy tính 4(Ca 3,12g30 - 15g00)','Tuần học: -------- 17- 18-- 20- 21- 22- 23- 24- 25- 26- 27','Ngày học: 15/04, 22/04, 06/05, 13/05, 20/05, 27/05, 03/06, 10/06, 17/06, 24/06',1485,40),('Thứ 3','232_1TH1607_KS2A_01_tructiep (59 sv)',3,'TH1607 - Cơ sở dữ liệu phân tán (2.1)','GV:Nguyễn Ngọc Nga','Phòng:C0703(Tiết 4 - 5,09g30 - 10g50)','Tuần học: --- 12- 13- 14- 15- 16- 17-18-- 20- 21- 22- 23- 24- 25- 26- 27','Ngày học: 12/03, 19/03, 26/03, 02/04, 09/04, 16/04,23/04, 07/05, 14/05, 21/05, 28/05, 04/06, 11/06, 18/06, 25/06',129,40),('Thứ 3','232_1TH1607_KS2A_02_tructiep (30 sv)',3,'TH1607 - Cơ sở dữ liệu phân tán (2.1)','GV:Nguyễn Ngọc Nga','Phòng:C0704(Tiết 9 - 10,15g30 - 16g50)','Tuần học: --- 12- 13- 14- 15- 16- 17-18-- 20- 21- 22- 23- 24- 25- 26- 27','Ngày học: 12/03, 19/03, 26/03, 02/04, 09/04, 16/04,23/04, 07/05, 14/05, 21/05, 28/05, 04/06, 11/06, 18/06, 25/06',129,40),('Thứ 4','232_1TH1608_(BT)_KS2A_01_tructiep (32 sv)',4,'TH1608_(BT) - Chuyên đề về CNTT (BT) (0.0)','GV:Nguyễn Ngọc Hoàng Quyên','Phòng:C0602 - Phòng máy tính(Ca 3 - 4,12g30 - 17g30)','Tuần học: ------- 16- 17- 18-- 20- 21- 22- 23- 24- 25- 26','Ngày học: 10/04, 17/04, 24/04, 08/05, 15/05, 22/05, 29/05, 05/06, 12/06, 19/06',1485,40),('Thứ 5','232_1TH1608_(BT)_KS2A_02_tructiep (35 sv)',5,'TH1608_(BT) - Chuyên đề về CNTT (BT) (0.0)','GV:Nguyễn Ngọc Hoàng Quyên','Phòng:A205-Phòng thực tập mạng(Ca 3 - 4,12g30 - 17g30)','Tuần học: --------- 18- 19- 20- 21- 22- 23- 24- 25- 26- 27','Ngày học: 25/04, 02/05, 09/05, 16/05, 23/05, 30/05, 06/06, 13/06, 20/06, 27/06',1485,40),('Chủ nhật','232_1TH1608_(BT)_KS2A_03_tructiep (15 sv)',8,'TH1608_(BT) - Chuyên đề về CNTT (BT) (0.0)','GV:Nguyễn Khắc Tường','Phòng:C0605-Máy tính 9(Ca 3 - 4,12g30 - 17g30)','Tuần học: -------- 17-- 19- 20- 21- 22- 23- 24- 25- 26- 27','Ngày học: 21/04, 05/05, 12/05, 19/05, 26/05, 02/06, 09/06, 16/06, 23/06, 30/06',1515,40),('Thứ 4','232_1TH1608_KS2A_01_tructiep (21 sv)',4,'TH1608 - Chuyên đề về CNTT (2.2)','GV:Nguyễn Thị Mỹ Nga','Phòng:C0805(Tiết 1 - 2,07g00 - 08g20)','Tuần học: --- 12- 13- 14- 15- 16- 17-18-- 20- 21- 22- 23- 24- 25- 26- 27','Ngày học: 13/03, 20/03, 27/03, 03/04, 10/04, 17/04,24/04, 08/05, 15/05, 22/05, 29/05, 05/06, 12/06, 19/06, 26/06',130,40),('Thứ 4','232_1TH1608_KS2A_02_tructiep (61 sv)',4,'TH1608 - Chuyên đề về CNTT (2.2)','GV:Nguyễn Thị Mỹ Nga','Phòng:C0704(Tiết 4 - 5,09g30 - 10g50)','Tuần học: ------ 15- 16','Ngày học: 03/04, 10/04',130,40),('Thứ 2','232_1UL1106_CN1A_01_tructiep (89 sv)',2,'UL1106 - Quản lý HCNN và QLNGDĐT (2.0)','GV:Nguyễn Thị Ngọc Trinh','Phòng:C0307(Tiết 4 - 5,09g30 - 10g50)','Tuần học: --- 12- 13- 14- 15- 16- 17- 18-- 20- 21- 22- 23- 24- 25- 26- 27','Ngày học: 11/03, 18/03, 25/03, 01/04, 08/04, 15/04, 22/04, 06/05, 13/05, 20/05, 27/05, 03/06, 10/06, 17/06, 24/06',384,40),('Thứ 6','232_1UL1106_CN1A_02_tructiep (50 sv)',6,'UL1106 - Quản lý HCNN và QLNGDĐT (2.0)','GV:Nguyễn Thị Ngọc Trinh','Phòng:C0207(Tiết 4 - 5,09g30 - 10g50)','Tuần học: --- 12- 13- 14- 15- 16- 17- 18- 19- 20- 21- 22- 23- 24- 25- 26','Ngày học: 15/03, 22/03, 29/03, 05/04, 12/04, 19/04, 26/04, 03/05, 10/05, 17/05, 24/05, 31/05, 07/06, 14/06, 21/06',384,40),('Thứ 2','233_1TH1354_KS2A_tructiep (17 sv)',2,'TH1354 - Anh văn chuyên ngành (2.0)','GV:Trần Thị Cẩm Tú','Phòng:C0805(Tiết 3 - 5,08g40 - 10g50)','Tuần học: 4- 5- 6--- 9- 10','Ngày học: 15/01, 22/01, 29/01, 19/02, 26/02',299,39),('Thứ 2','233_1TH1373_(BT)_KS2A_tructiep (4 sv)',2,'TH1373_(BT) - Phát triển ứng dụng Web (BT) (0.0)','GV:Trần Thị Kim Ngân','Phòng:A201-Máy tính 1(Ca 3 - 4,12g30 - 17g30)','Tuần học: 4- 5- 6--- 9- 10','Ngày học: 15/01, 22/01, 29/01, 19/02, 26/02',411,39),('Thứ 2','233_1TH1373_KS2A_tructiep (4 sv)',2,'TH1373 - Phát triển ứng dụng Web (1.2)','GV:Trần Thị Kim Ngân','Phòng:A201-Máy tính 1(Tiết 3 - 5,08g40 - 10g50)','Tuần học: 4- 5- 6--- 9- 10','Ngày học: 15/01, 22/01, 29/01, 19/02, 26/02',411,39),('Ngoài giờ học','234_1SP1422_CN3A_CTT_ngoaigio (1 sv)',1,'SP1422 - Thực tập sư phạm (0.2)','GV:Nguyễn Văn Hiếu','Phòng:SV LH GV hướng dẫn(Tiết 1 - 3,07g00 - 09g20)','Tuần học: 31- 32- 33- 34-35',NULL,125,41),('Thứ 2','234_1TH1201_KS2A_tructiep (14 sv)',2,'TH1201 - Tin học cơ sở (2.0)','GV:Trần Thị Tố Loan','Phòng:C0304(Tiết 1 - 3,07g00 - 09g20)','Tuần học: 31- 32- 33- 34-35','Ngày học: 22/07, 29/07, 05/08, 12/08,19/08',126,41),('Thứ 2','234_1TH1203_KS2A_01_tructiep (29 sv)',2,'TH1203 - Toán rời rạc (2.0)','GV:Nguyễn Thị Hồng Yến','Phòng:C0606(Tiết 6 - 8,13g00 - 15g20)','Tuần học: 31- 32- 33- 34-35','Ngày học: 22/07, 29/07, 05/08, 12/08,19/08',134,41),('Thứ 3','234_1TH1203_KS2A_02_tructiep (26 sv)',3,'TH1203 - Toán rời rạc (2.0)','GV:Nguyễn Vạn Năng','Phòng:C0403(Tiết 6 - 8,13g00 - 15g20)','Tuần học: 31- 32- 33- 34-35','Ngày học: 23/07, 30/07, 06/08, 13/08,20/08',128,41),('Thứ 2','234_1TH1205_(BT)_KS2A_tructiep (24 sv)',2,'TH1205_(BT) - Cấu trúc MT (BT) (0.0)','GV:Trần Thu Mai','Phòng:A202-Máy tính 2(Ca 3 - 4,12g30 - 17g30)','Tuần học: 31- 32- 33- 34-35','Ngày học: 22/07, 29/07, 05/08, 12/08,19/08',127,41),('Thứ 2','234_1TH1205_KS2A_tructiep (24 sv)',2,'TH1205 - Cấu trúc MT (2.1)','GV:Lê Hoàng An','Phòng:C0803(Tiết 3 - 5,08g40 - 10g50)','Tuần học: 31- 32- 33- 34-35','Ngày học: 22/07, 29/07, 05/08, 12/08,19/08',122,41),('Thứ 5','234_1TH1206_(BT)_KS2A_tructiep (16 sv)',5,'TH1206_(BT) - Cấu trúc DL & GT (BT) (0.0)','GV:Nguyễn Văn Hiếu','Phòng:A201-Máy tính 1(Ca 3 - 4,12g30 - 17g30)','Tuần học: 31- 32- 33- 34-35','Ngày học: 25/07, 01/08, 08/08, 15/08,22/08',125,41),('Thứ 3','234_1TH1206_KS2A_tructiep (16 sv)',3,'TH1206 - Cấu trúc DL & GT (2.1)','GV:Nguyễn Văn Hiếu','Phòng:C0702(Tiết 1 - 3,07g00 - 09g20)','Tuần học: 31- 32- 33- 34-35','Ngày học: 23/07, 30/07, 06/08, 13/08,20/08',125,41),('Thứ 5','234_1TH1207_(BT)_KS2A_tructiep (13 sv)',5,'TH1207_(BT) - Cơ sở dữ liệu (BT) (0.0)','GV:Nguyễn Ngọc Nga','Phòng:A204-Máy tính 3(Ca 3 - 4,12g30 - 17g30)','Tuần học: 31- 32- 33- 34-35','Ngày học: 25/07, 01/08, 08/08, 15/08,22/08',129,41),('Thứ 3','234_1TH1207_KS2A_tructiep (13 sv)',3,'TH1207 - Cơ sở dữ liệu (2.1)','GV:Nguyễn Ngọc Nga','Phòng:C0703(Tiết 4 - 5,09g30 - 10g50)','Tuần học: 31- 32- 33- 34-35','Ngày học: 23/07, 30/07, 06/08, 13/08,20/08',129,41),('Thứ 5','234_1TH1208_(BT)_KS2A_01_tructiep (15 sv)',5,'TH1208_(BT) - Hệ điều hành (BT) (0.0)','GV:Nguyễn Công Kha','Phòng:A202-Máy tính 2(Ca 3 - 4,12g30 - 17g30)','Tuần học: 31- 32- 33- 34-35','Ngày học: 25/07, 01/08, 08/08, 15/08,22/08',1521,41),('Thứ 3','234_1TH1208_KS2A_tructiep (39 sv)',3,'TH1208 - Hệ điều hành (2.1)','GV:Lê Hoàng An','Phòng:C0703(Tiết 1 - 3,07g00 - 09g20)','Tuần học: 31- 32- 33- 34-35','Ngày học: 23/07, 30/07, 06/08, 13/08,20/08',122,41),('Thứ 4','234_1TH1212_KS2A_tructiep (23 sv)',4,'TH1212 - PT&TK thuật toán (2.0)','GV:Nguyễn Văn Hiếu','Phòng:C0606(Tiết 1 - 3,07g00 - 09g20)','Tuần học: 31- 32- 33- 34-35','Ngày học: 24/07, 31/07, 07/08, 14/08,21/08',125,41),('Thứ 2','234_1TH1214_KS2A_tructiep (11 sv)',2,'TH1214 - Mạng MT (2.1)','GV:Nguyễn Thị Hồng Yến','Phòng:C0103(Tiết 4 - 5,09g30 - 10g50)','Tuần học: 31- 32- 33- 34-35','Ngày học: 22/07, 29/07, 05/08, 12/08,19/08',134,41),('Thứ 3','234_1TH1216_(BT)_KS2A_tructiep (24 sv)',3,'TH1216_(BT) - Phần mềm mã nguồn mở (BT) (0.0)','GV:Nguyễn Công Kha','Phòng:A201-Máy tính 1(Ca 3 - 4,12g30 - 17g30)','Tuần học: 31- 32- 33- 34-35','Ngày học: 23/07, 30/07, 06/08, 13/08,20/08',1521,41),('Thứ 3','234_1TH1216_KS2A_tructiep (24 sv)',3,'TH1216 - Phần mềm mã nguồn mở (1.1)','GV:Nguyễn Công Kha','Phòng:C0704(Tiết 1 - 3,07g00 - 09g20)','Tuần học: 31- 32- 33- 34-35','Ngày học: 23/07, 30/07, 06/08, 13/08,20/08',1521,41),('Thứ 6','234_1TH1217_KS2A_01_tructiep (46 sv)',6,'TH1217 - An toàn và vệ sinh lao động trong lĩnh vực CNTT (1.0)','GV:Lê Thị Hạnh Hiền','Phòng:C0103(Tiết 1 - 3,07g00 - 09g20)','Tuần học: 31- 32- 33- 34-35','Ngày học: 26/07, 02/08, 09/08, 16/08,23/08',169,41),('Thứ 5','234_1TH1217_KS2A_02_tructiep (48 sv)',5,'TH1217 - An toàn và vệ sinh lao động trong lĩnh vực CNTT (1.0)','GV:Lê Thị Hạnh Hiền','Phòng:C0404(Tiết 1 - 3,07g00 - 09g20)','Tuần học: 31- 32- 33- 34-35','Ngày học: 25/07, 01/08, 08/08, 15/08,22/08',169,41),('Thứ 4','234_1TH1227_(BT)_KS2A_02_tructiep (18 sv)',4,'TH1227_(BT) - Biên tập và soạn thảo văn bản (BT) (0.0)','GV:Trần Thu Mai','Phòng:C0602 - Phòng máy tính(Ca 3 - 4,12g30 - 17g30)','Tuần học: 31- 32- 33- 34-35','Ngày học: 24/07, 31/07, 07/08, 14/08,21/08',127,41),('Thứ 3','234_1TH1227_KS2A_tructiep (42 sv)',3,'TH1227 - Biên tập và soạn thảo văn bản (1.1)','GV:Trần Thu Mai','Phòng:C0403(Tiết 1 - 3,07g00 - 09g20)','Tuần học: 31- 32- 33- 34-35','Ngày học: 23/07, 30/07, 06/08, 13/08,20/08',127,41),('Thứ 5','234_1TH1307_(BT)_KS2A_tructiep (16 sv)',5,'TH1307_(BT) - Hệ QTCSDL (BT) (0.0)','GV:Nguyễn Ngọc Hoàng Quyên','Phòng:A206-Máy tính 6(Ca 3 - 4,12g30 - 17g30)','Tuần học: 31- 32- 33- 34-35','Ngày học: 25/07, 01/08, 08/08, 15/08,22/08',1485,41),('Thứ 2','234_1TH1307_KS2A_tructiep (16 sv)',2,'TH1307 - Hệ QTCSDL (2.1)','GV:Trần Thị Tố Loan','Phòng:C0403(Tiết 4 - 5,09g30 - 10g50)','Tuần học: 31- 32- 33- 34-35','Ngày học: 22/07, 29/07, 05/08, 12/08,19/08',126,41),('Thứ 6','234_1TH1309_(BT)_KS2A_tructiep (14 sv)',6,'TH1309_(BT) - Lập trình Java (BT) (0.0)','GV:Trần Thị Kim Ngân','Phòng:A202-Máy tính 2(Ca 3 - 4,12g30 - 17g30)','Tuần học: 31- 32- 33- 34-35','Ngày học: 26/07, 02/08, 09/08, 16/08,23/08',411,41),('Thứ 2','234_1TH1309_KS2A_tructiep (14 sv)',2,'TH1309 - Lập trình Java (2.1)','GV:Trần Thị Kim Ngân','Phòng:C0201(Tiết 1 - 2,07g00 - 08g20)','Tuần học: 31- 32- 33- 34-35','Ngày học: 22/07, 29/07, 05/08, 12/08,19/08',411,41),('Thứ 6','234_1TH1316_(BT)_KS2A_tructiep (11 sv)',6,'TH1316_(BT) - Thiết kế mạng máy tính (BT) (0.0)','GV:Nguyễn Khắc Tường','Phòng:A205-Phòng thực tập mạng(Ca 3 - 4,12g30 - 17g30)','Tuần học: 31- 32- 33- 34-35','Ngày học: 26/07, 02/08, 09/08, 16/08,23/08',1515,41),('Thứ 2','234_1TH1316_KS2A_tructiep (11 sv)',2,'TH1316 - Thiết kế mạng máy tính (2.1)','GV:Trần Thái Bảo','Phòng:C0803(Tiết 1 - 2,07g00 - 08g20)','Tuần học: 31- 32- 33- 34-35','Ngày học: 22/07, 29/07, 05/08, 12/08,19/08',123,41),('Thứ 6','234_1TH1324_(BT)_KS2A_tructiep (21 sv)',6,'TH1324_(BT) - Phân tích thiết kế hướng đối tượng (BT) (0.0)','GV:Hồ Chí Hưng','Phòng:A201-Máy tính 1(Ca 3 - 4,12g30 - 17g30)','Tuần học: 31- 32- 33- 34-35','Ngày học: 26/07, 02/08, 09/08, 16/08,23/08',1513,41),('Thứ 2','234_1TH1324_KS2A_tructiep (21 sv)',2,'TH1324 - Phân tích thiết kế hướng đối tượng (2.1)','GV:Nguyễn Vạn Năng','Phòng:C0702(Tiết 4 - 5,09g30 - 10g50)','Tuần học: 31- 32- 33- 34-35','Ngày học: 22/07, 29/07, 05/08, 12/08,19/08',128,41),('Thứ 4','234_1TH1335_(BT)_KS2A_01_tructiep (25 sv)',4,'TH1335_(BT) - Xử lý ảnh (BT) (0.0)','GV:Lê Thị Hoàng Yến','Phòng:A206-Máy tính 6(Ca 3 - 4,12g30 - 17g30)','Tuần học: 31- 32- 33- 34-35','Ngày học: 24/07, 31/07, 07/08, 14/08,21/08',135,41),('Thứ 6','234_1TH1335_(BT)_KS2A_02_tructiep (25 sv)',6,'TH1335_(BT) - Xử lý ảnh (BT) (0.0)','GV:Lê Thị Hoàng Yến','Phòng:A204-Máy tính 3(Ca 3 - 4,12g30 - 17g30)','Tuần học: 31- 32- 33- 34-35','Ngày học: 26/07, 02/08, 09/08, 16/08,23/08',135,41),('Thứ 4','234_1TH1335_(BT)_KS2A_03_tructiep (20 sv)',4,'TH1335_(BT) - Xử lý ảnh (BT) (0.0)','GV:Nguyễn Thị Mỹ Nga','Phòng:A204-Máy tính 3(Ca 3 - 4,12g30 - 17g30)','Tuần học: 31- 32- 33- 34-35','Ngày học: 24/07, 31/07, 07/08, 14/08,21/08',130,41),('Thứ 2','234_1TH1335_KS2A_01_tructiep (35 sv)',2,'TH1335 - Xử lý ảnh (2.1)','GV:Lê Thị Hoàng Yến','Phòng:C0902(Tiết 1 - 2,07g00 - 08g20)','Tuần học: 31- 32- 33- 34-35','Ngày học: 22/07, 29/07, 05/08, 12/08,19/08',135,41),('Thứ 2','234_1TH1335_KS2A_02_tructiep (35 sv)',2,'TH1335 - Xử lý ảnh (2.1)','GV:Nguyễn Thị Mỹ Nga','Phòng:C1006(Tiết 1 - 2,07g00 - 08g20)','Tuần học: 31- 32- 33- 34-35','Ngày học: 22/07, 29/07, 05/08, 12/08,19/08',130,41),('Thứ 2','234_1TH1338_KS2A_tructiep (6 sv)',2,'TH1338 - Lập trình ứng dụng cho thiết bị di động (2.2)','GV:Trần Thị Kim Ngân','Phòng:C0901(Tiết 4 - 5,09g30 - 10g50)','Tuần học: 31- 32- 33- 34-35','Ngày học: 22/07, 29/07, 05/08, 12/08,19/08',411,41),('Thứ 7','234_1TH1339_(BT)_KS2A_tructiep (13 sv)',7,'TH1339_(BT) - Quản trị mạng máy tính (BT) (0.0)','GV:Trần Hồ Đạt','Phòng:A208-Máy tính 5(Ca 3 - 4,12g30 - 17g30)','Tuần học: 31- 32- 33- 34-35','Ngày học: 27/07, 03/08, 10/08, 17/08,24/08',290,41),('Thứ 7','234_1TH1339_KS2A_tructiep (13 sv)',7,'TH1339 - Quản trị mạng máy tính (1.2)','GV:Nguyễn Thị Hồng Yến','Phòng:C0702(Tiết 1 - 3,07g00 - 09g20)','Tuần học: 31- 32- 33- 34-35','Ngày học: 27/07, 03/08, 10/08, 17/08,24/08',134,41),('Thứ 7','234_1TH1342_(BT)_KS2A_tructiep (23 sv)',7,'TH1342_(BT) - Công nghệ mạng không dây (BT) (0.0)','GV:Nguyễn Khắc Tường','Phòng:A201-Máy tính 1(Ca 3 - 4,12g30 - 17g30)','Tuần học: 31- 32- 33- 34-35','Ngày học: 27/07, 03/08, 10/08, 17/08,24/08',1515,41),('Thứ 7','234_1TH1342_KS2A_tructiep (23 sv)',7,'TH1342 - Công nghệ mạng không dây (1.1)','GV:Trần Thái Bảo','Phòng:B0209(Tiết 1 - 3,07g00 - 09g20)','Tuần học: 31- 32- 33- 34-35','Ngày học: 27/07, 03/08, 10/08, 17/08,24/08',123,41),('Thứ 3','234_1TH1354_KS2A_01_tructiep (49 sv)',3,'TH1354 - Anh văn chuyên ngành (2.0)','GV:Nguyễn Thị Mỹ Nga','Phòng:C0403(Tiết 4 - 5,09g30 - 10g50)','Tuần học: 31- 32- 33- 34-35','Ngày học: 23/07, 30/07, 06/08, 13/08,20/08',130,41),('Thứ 2','234_1TH1354_KS2A_02_tructiep (46 sv)',2,'TH1354 - Anh văn chuyên ngành (2.0)','GV:Trần Thị Cẩm Tú','Phòng:C0802(Tiết 4 - 5,09g30 - 10g50)','Tuần học: 31- 32- 33- 34-35','Ngày học: 22/07, 29/07, 05/08, 12/08,19/08',299,41),('Thứ 2','234_1TH1354_KS2A_03_tructiep (48 sv)',2,'TH1354 - Anh văn chuyên ngành (2.0)','GV:Trần Thị Cẩm Tú','Phòng:C0606(Tiết 9 - 10,15g30 - 16g50)','Tuần học: 31- 32- 33- 34-35','Ngày học: 22/07, 29/07, 05/08, 12/08,19/08',299,41),('Thứ 5','234_1TH1358_(BT)_KS2A_tructiep (3 sv)',5,'TH1358_(BT) - Bảo mật ứng dụng Web (BT) (0.0)','GV:Hồ Chí Hưng','Phòng:C0603 - Phòng máy tính(Ca 3 - 4,12g30 - 17g30)','Tuần học: 31- 32- 33- 34-35','Ngày học: 25/07, 01/08, 08/08, 15/08,22/08',1513,41),('Thứ 2','234_1TH1358_KS2A_tructiep (3 sv)',2,'TH1358 - Bảo mật ứng dụng Web (2.1)','GV:Trần Phan An Trường','Phòng:C0805(Tiết 6 - 8,13g00 - 15g20)','Tuần học: 31- 32- 33- 34-35','Ngày học: 22/07, 29/07, 05/08, 12/08,19/08',374,41),('Thứ 5','234_1TH1359_(BT)_KS2A_tructiep (11 sv)',5,'TH1359_(BT) - Internet vạn vật (BT) (0.0)','GV:Lê Thị Mỹ Tiên','Phòng:A205-Phòng thực tập mạng(Ca 3 - 4,12g30 - 17g30)','Tuần học: 31- 32- 33- 34-35','Ngày học: 25/07, 01/08, 08/08, 15/08,22/08',1514,41),('Thứ 3','234_1TH1359_KS2A_tructiep (11 sv)',3,'TH1359 - Internet vạn vật (2.1)','GV:Trần Phan An Trường','Phòng:B0209(Tiết 3 - 5,08g40 - 10g50)','Tuần học: 31- 32- 33- 34-35','Ngày học: 23/07, 30/07, 06/08, 13/08,20/08',374,41),('Thứ 2','234_1TH1371_KS2A_tructiep (4 sv)',2,'TH1371 - Công nghệ phần mềm (2.0)','GV:Lê Thị Hạnh Hiền','Phòng:C0704(Tiết 8 - 10,14g40 - 16g50)','Tuần học: 31- 32- 33- 34-35','Ngày học: 22/07, 29/07, 05/08, 12/08,19/08',169,41);

--
-- Table structure for table `don_vi`
--

/*!40101 SET @saved_cs_client     = @@character_set_client */;
/*!50503 SET character_set_client = utf8mb4 */;
CREATE TABLE IF NOT EXISTS `don_vi` (
  `id` int NOT NULL AUTO_INCREMENT,
  `ma_don_vi` varchar(10) NOT NULL,
  `ten_don_vi` varchar(50) NOT NULL,
  `ngay_tao` timestamp NOT NULL DEFAULT CURRENT_TIMESTAMP ON UPDATE CURRENT_TIMESTAMP,
  PRIMARY KEY (`id`)
) ENGINE=InnoDB AUTO_INCREMENT=19 DEFAULT CHARSET=utf8mb3;
/*!40101 SET character_set_client = @saved_cs_client */;

--
-- Dumping data for table `don_vi`
--

INSERT INTO `don_vi` (`id`, `ma_don_vi`, `ten_don_vi`, `ngay_tao`) VALUES (2,'Khoa CNTT','Công nghệ thông tin','2024-08-22 08:19:02'),(3,'CTP','Công nghệ thực phẩm','2024-04-21 20:46:58'),(4,'BTY','Thú y','2024-04-21 20:47:21'),(5,'DLH','Du lịch','2024-04-21 20:48:25'),(6,'KTN','Công nghệ kỹ thuật nhiệt','2024-04-21 20:55:41'),(7,'OTO','Công nghệ kỹ thuật ô tô','2024-04-21 20:54:49'),(8,'TDH','Công nghệ kỹ thuật điều khiển và tự động hóa','2024-04-21 20:54:49'),(9,'CCK','Công nghệ kỹ thuật cơ khí','2024-04-21 20:54:49'),(10,'CTM','Công nghệ chế tạo máy','2024-04-21 20:54:49'),(11,'KMT','Công nghệ khoa học máy tính','2024-04-21 20:54:49'),(12,'DDT','CNKT Điện, điện tử','2024-04-21 20:54:49'),(13,'CDT','Công nghệ kỹ thuật cơ điện tử','2024-04-21 20:54:49'),(14,'LAW','Luật','2024-04-21 20:54:49'),(15,'QDL','Quản trị dịch vụ du lịch và lữ hành','2024-04-21 20:54:49'),(16,'CKD','Công nghệ cơ khí động lực','2024-04-21 20:54:49'),(17,'KXD','CNKT Công trình xây dựng','2024-04-21 20:54:49'),(18,'QT','QT','2024-08-22 03:06:50');

--
-- Table structure for table `giang_vien`
--

/*!40101 SET @saved_cs_client     = @@character_set_client */;
/*!50503 SET character_set_client = utf8mb4 */;
CREATE TABLE IF NOT EXISTS `giang_vien` (
  `id_giang_vien` int NOT NULL,
  `ho_ten` text NOT NULL,
  `hoc_vi` text NOT NULL,
  `email` text NOT NULL,
  `cccd` text,
  `ngay_sinh` date DEFAULT NULL,
  `so_dien_thoai` text,
  `id_don_vi` int NOT NULL,
  `quyen` text NOT NULL,
  `ngay_tao` timestamp NOT NULL DEFAULT CURRENT_TIMESTAMP ON UPDATE CURRENT_TIMESTAMP,
  PRIMARY KEY (`id_giang_vien`),
  KEY `FK_GV_Khoa` (`id_don_vi`),
  CONSTRAINT `FK_GV_DV` FOREIGN KEY (`id_don_vi`) REFERENCES `don_vi` (`id`) ON DELETE CASCADE ON UPDATE CASCADE
) ENGINE=InnoDB DEFAULT CHARSET=utf8mb3;
/*!40101 SET character_set_client = @saved_cs_client */;

--
-- Dumping data for table `giang_vien`
--

INSERT INTO `giang_vien` (`id_giang_vien`, `ho_ten`, `hoc_vi`, `email`, `cccd`, `ngay_sinh`, `so_dien_thoai`, `id_don_vi`, `quyen`, `ngay_tao`) VALUES (122,'Lê Hoàng An','Thạc sĩ','anlh@vlute.edu.vn','',NULL,'',2,'giangvien','2024-04-23 17:51:37'),(123,'Trần Thái Bảo','Thạc sĩ','baott@vlute.edu.vn','',NULL,'',2,'giangvien','2024-04-23 17:51:37'),(125,'Nguyễn Văn Hiếu','Thạc sĩ','hieunv@vlute.edu.vn','',NULL,'',2,'giangvien','2024-04-23 17:51:37'),(126,'Trần Thị Tố Loan','Thạc sĩ','loanttt@vlute.edu.vn','',NULL,'',2,'giangvien','2024-04-23 17:51:37'),(127,'Trần Thu Mai','Thạc sĩ','maitt@vlute.edu.vn','',NULL,'',2,'giangvien','2024-04-23 17:51:37'),(128,'Nguyễn Vạn Năng','Thạc sĩ','nangnv@vlute.edu.vn','',NULL,'',2,'giangvien','2024-04-23 17:51:37'),(129,'Nguyễn Ngọc Nga','Thạc sĩ','ngann@vlute.edu.vn','',NULL,'',2,'giangvien','2024-04-23 17:51:37'),(130,'Nguyễn Thị Mỹ Nga','Thạc sĩ','ngantm@vlute.edu.vn','',NULL,'',2,'giangvien','2024-04-23 17:51:37'),(134,'Nguyễn Thị Hồng Yến','Thạc sĩ','yennth@vlute.edu.vn','',NULL,'',2,'giangvien','2024-04-23 17:51:37'),(135,'Lê Thị Hoàng Yến','Thạc sĩ','yenlth@vlute.edu.vn','',NULL,'',2,'giangvien','2024-04-23 17:51:37'),(169,'Lê Thị Hạnh Hiền','Thạc sĩ','hienlth@vlute.edu.vn','',NULL,'',2,'giangvien','2024-04-23 17:51:37'),(171,'Phan Anh Cang','Thạc sĩ','cangpa@vlute.edu.vn','',NULL,'',2,'giangvien','2024-04-23 17:51:37'),(290,'Trần Hồ Đạt','Thạc sĩ','datth@vlute.edu.vn','',NULL,'',2,'giangvien','2024-04-23 17:51:37'),(299,'Trần Thị Cẩm Tú','Thạc sĩ','tuttc@vlute.edu.vn','',NULL,'',2,'giangvien','2024-04-23 17:51:37'),(344,'Nguyễn Hoàng Anh','Thạc sĩ','anhnh96@vlute.edu.vn',NULL,NULL,NULL,2,'giangvien','2024-04-27 16:13:06'),(374,'Trần Phan An Trường','Thạc sĩ','truongtpa@vlute.edu.vn','',NULL,'',2,'giangvien','2024-04-23 17:51:37'),(384,'Mai Thiên Thư','Thạc sĩ','thumt@vlute.edu.vn','',NULL,'',2,'giangvien','2024-04-23 17:51:37'),(411,'Trần Thị Kim Ngân','Thạc sĩ','nganttk@vlute.edu.vn','',NULL,'',2,'giangvien','2024-04-23 17:51:37'),(1485,'Nguyễn Ngọc Hoàng Quyên','Thạc sĩ','quyennnh@vlute.edu.vn','',NULL,'',2,'giangvien','2024-04-23 17:51:37'),(1513,'Hồ Chí Hưng','Thạc sĩ','hunghc@vlute.edu.vn','',NULL,'',2,'giangvien','2024-04-23 17:51:37'),(1514,'Lê Thị Mỹ Tiên','Thạc sĩ','tienltm@vlute.edu.vn','',NULL,'',2,'giangvien','2024-04-23 17:51:37'),(1515,'Nguyễn Khắc Tường','Thạc sĩ','tuongnk@vlute.edu.vn','',NULL,'',2,'giangvien','2024-04-23 17:51:37'),(1521,'Nguyễn Công Kha','Thạc sĩ','khanc@vlute.edu.vn','',NULL,'',2,'giangvien','2024-04-23 17:51:37'),(1561,'Lê Duy Linh','Thạc sĩ','linhld@vlute.edu.vn','',NULL,'',2,'giangvien','2024-04-23 17:51:37'),(99997,'Tài khoản thư ký','','fuinain4266@gmail.com',NULL,NULL,NULL,2,'thuky','2024-04-23 18:08:56'),(99998,'Tài khoản giảng viên','','21004266@st.vlute.edu.vn',NULL,NULL,NULL,2,'giangvien','2024-04-23 18:08:15'),(99999,'Tài khoản Admin','','huynhtuananh24092003@gmail.com',NULL,NULL,NULL,2,'admin','2024-04-23 18:09:06');

--
-- Table structure for table `hoc_ky`
--

/*!40101 SET @saved_cs_client     = @@character_set_client */;
/*!50503 SET character_set_client = utf8mb4 */;
CREATE TABLE IF NOT EXISTS `hoc_ky` (
  `id` int NOT NULL,
  `ma_hoc_ky` text NOT NULL,
  `ten_hoc_ky` text NOT NULL,
  `ngay_bat_dau` text NOT NULL,
  `ngay_ht` text NOT NULL,
  `nam_hoc` int NOT NULL,
  `tuan_bat_dau` int NOT NULL,
  `so_tuan` int NOT NULL,
  `loai_hoc_ky` int NOT NULL,
  PRIMARY KEY (`id`)
) ENGINE=InnoDB DEFAULT CHARSET=utf8mb3;
/*!40101 SET character_set_client = @saved_cs_client */;

--
-- Dumping data for table `hoc_ky`
--

INSERT INTO `hoc_ky` (`id`, `ma_hoc_ky`, `ten_hoc_ky`, `ngay_bat_dau`, `ngay_ht`, `nam_hoc`, `tuan_bat_dau`, `so_tuan`, `loai_hoc_ky`) VALUES (1,'132','Học kỳ 2, 2013 - 2014','2013-12-17T00:00:00','2013-12-17T00:00:00',2013,19,30,2),(2,'131','Học kỳ 1, 2013-2014','2014-10-01T00:00:00','2014-10-01T00:00:00',2013,1,32,1),(3,'152','Học kỳ 2, 2015 - 2016','2015-12-21T00:00:00','2015-12-21T00:00:00',2015,20,30,2),(4,'141','Học kỳ 1, 2014-2015','2014-08-15T00:00:00','2014-08-15T00:00:00',2014,1,16,1),(5,'142','Học kỳ 2, 2014-2015','2015-01-10T00:00:00','2015-01-10T00:00:00',2014,19,16,2),(6,'151','Học kỳ 1, 2015-2016','2015-09-05T00:00:00','2015-09-05T00:00:00',2015,1,32,1),(8,'153','Học kỳ phụ, 2015-2016, K39','2016-05-23T00:00:00','2016-05-23T00:00:00',2015,41,11,3),(9,'161','Học kỳ 1, 2016-2017','2016-08-15T00:00:00','2016-08-15T00:00:00',2016,1,23,1),(10,'143','Học kỳ phụ, 2014-2015','2015-05-23T00:00:00','2015-05-23T00:00:00',2014,0,11,3),(11,'163','Học kỳ phụ, 2016-2017, K39-40','2016-12-19T00:00:00','2016-12-19T00:00:00',2016,19,10,3),(12,'162','Học kỳ 2, 2016-2017','2017-02-13T00:00:00','2017-02-13T00:00:00',2016,27,21,2),(13,'164','Học kỳ phụ, 2016-2017, K41, K42','2017-07-03T00:00:00','2017-07-03T00:00:00',2016,47,11,4),(14,'171','Học kỳ 1, 2017-2018','2017-08-28T00:00:00','2017-08-28T00:00:00',2017,35,24,1),(15,'173','Học kỳ phụ, 2017-2018','2018-01-01T00:00:00','2018-01-01T00:00:00',2017,1,9,3),(16,'172','Học kỳ 2, 2017-2018','2018-02-26T00:00:00','2018-02-26T00:00:00',2017,9,20,2),(17,'174','Học kỳ phụ, 2017-2018, K42 và K43','2018-07-09T00:00:00','2018-07-09T00:00:00',2017,28,12,4),(18,'181','Học kỳ 1, 2018-2019','2018-09-03T00:00:00','2018-09-03T00:00:00',2018,36,21,1),(19,'182','Học kỳ 2, 2018-2019','2019-02-11T00:00:00','2019-02-11T00:00:00',2018,7,23,2),(20,'183','Học kỳ phụ, 2018-2019','2019-01-14T00:00:00','2019-01-14T00:00:00',2018,3,8,3),(21,'184','Học kỳ phụ, 2018-2019, K43 và K44','2019-07-01T00:00:00','2019-07-01T00:00:00',2018,27,12,4),(22,'191','Học kỳ 1, 2019-2020','2019-09-02T00:00:00','2019-09-02T00:00:00',2019,36,18,1),(23,'193','Học kỳ phụ, 2019-2020','2020-01-06T00:00:00','2020-01-06T00:00:00',2019,2,9,3),(24,'192','Học kỳ 2, 2019-2020','2020-03-09T00:00:00','2020-03-09T00:00:00',2019,11,24,2),(25,'201','Học kỳ 1, 2020-2021','2020-08-24T00:00:00','2020-08-24T00:00:00',2020,35,20,1),(26,'203','Học kỳ phụ, 2020-2021','2021-01-11T00:00:00','2021-01-11T00:00:00',2020,3,9,3),(27,'202','Học kỳ 2, 2020-2021','2021-03-15T00:00:00','2021-03-15T00:00:00',2020,12,18,2),(28,'204','Học kỳ hè, 2020-2021','2021-07-12T00:00:00','2021-07-12T00:00:00',2020,29,8,4),(29,'211','Học kỳ 1, 2021-2022','2021-08-02T00:00:00','2021-08-02T00:00:00',2021,32,30,1),(30,'213','Học kỳ phụ, 2021-2022','2021-12-27T00:00:00','2021-12-27T00:00:00',2021,1,12,3),(31,'212','Học kỳ 2, 2021-2022','2022-03-14T00:00:00','2022-03-14T00:00:00',2021,12,24,2),(32,'214','Học kỳ hè, 2021-2022','2022-07-18T00:00:00','2022-07-18T00:00:00',2021,30,7,4),(33,'221','Học kỳ 1, 2022-2023','2022-09-05T00:00:00','2022-09-05T00:00:00',2022,37,19,1),(34,'223','Học kỳ phụ, 2022-2023','2023-01-30T00:00:00','2023-01-30T00:00:00',2022,6,6,3),(35,'222','Học kỳ 2, 2022-2023','2023-03-13T00:00:00','2023-03-13T00:00:00',2022,12,19,2),(36,'224','Học kỳ hè, 2022-2023','2023-07-03T00:00:00','2023-07-03T00:00:00',2022,28,9,4),(37,'231','Học kỳ 1, 2023-2024','2023-08-07T00:00:00','2023-08-07T00:00:00',2023,33,25,1),(39,'233','Học kỳ phụ, 2023-2024','2024-01-15T00:00:00','2024-01-15T00:00:00',2023,4,8,3),(40,'232','Học kỳ 2, 2023-2024','2024-02-19T00:00:00','2024-02-19T00:00:00',2023,9,22,2),(41,'234','Học kỳ hè, 2023-2024','2024-07-22T00:00:00','2024-07-22T00:00:00',2023,31,7,4),(42,'241','Học kỳ 1, 2024-2025','2024-09-09T00:00:00','2024-02-20T00:00:00',2024,37,19,1);

--
-- Table structure for table `hoc_phan`
--

/*!40101 SET @saved_cs_client     = @@character_set_client */;
/*!50503 SET character_set_client = utf8mb4 */;
CREATE TABLE IF NOT EXISTS `hoc_phan` (
  `id_hoc_phan` int NOT NULL AUTO_INCREMENT,
  `ma_hoc_phan` text NOT NULL,
  `ten_hoc_phan` text NOT NULL,
  `so_tin_chi` int NOT NULL,
  `tin_chi_ly_thuyet` int NOT NULL,
  `tin_chi_thuc_hanh` int NOT NULL,
  PRIMARY KEY (`id_hoc_phan`)
) ENGINE=InnoDB AUTO_INCREMENT=122 DEFAULT CHARSET=utf8mb3;
/*!40101 SET character_set_client = @saved_cs_client */;

--
-- Dumping data for table `hoc_phan`
--

INSERT INTO `hoc_phan` (`id_hoc_phan`, `ma_hoc_phan`, `ten_hoc_phan`, `so_tin_chi`, `tin_chi_ly_thuyet`, `tin_chi_thuc_hanh`) VALUES (1,'TH1201','Tin học cơ sở',2,2,0),(2,'TH1203','Toán rời rạc',2,2,0),(3,'TH1204','Lập trình căn bản',3,2,1),(4,'TH1205','Cấu trúc máy tính',3,2,1),(5,'TH1206','Cấu trúc dữ liệu và giải thuật',3,2,1),(6,'TH1207','Cơ sở dữ liệu',3,2,1),(7,'TH1208','Hệ điều hành',3,2,1),(8,'TH1209','Lập trình hướng đối tượng',3,2,1),(9,'TH1210','Đồ họa máy tính',3,2,1),(10,'TH1211','Lý thuyết ngôn ngữ hình thức & tính toán',2,2,0),(11,'TH1212','Phân tích & thiết kế thuật toán',2,2,0),(12,'TH1213','Web – Internet',3,2,1),(13,'TH1214','Mạng máy tính',3,2,1),(14,'TH1215','Truyền số liệu',2,2,0),(15,'TH1216','Phần mềm mã nguồn mở',2,1,1),(16,'TH1217','An toàn và vệ sinh lao động trong lĩnh vực CNTT',1,1,0),(17,'TH1218','Toán rời rạc nâng cao',2,2,0),(18,'TH1219','Lập trình căn bản',4,2,2),(19,'TH1220','Cấu trúc dữ liệu và giải thuật',4,2,2),(20,'TH1221','Lập trình hướng đối tượng',4,2,2),(21,'TH1222','Phân tích và thiết kế thuật toán',3,2,1),(22,'TH1223','Nhập môn truyền thông đa phương tiện',3,3,0),(23,'TH1224 ','Tác phẩm báo chí',3,3,0),(24,'TH1227','Biên tập và soạn thảo văn bản',2,1,1),(25,'TH1229','Nhập môn truyền thông đa phương tiện',3,2,1),(26,'TH1301','Lập trình Windows',3,2,1),(27,'TH1302','Trí tuệ nhân tạo',2,2,0),(28,'TH1303','Phát triển phần mềm mã nguồn mở',3,2,1),(29,'TH1304','Ngôn ngữ lập trình',3,2,1),(30,'TH1305','Phân tích thiết kế hệ thống thông tin',3,2,1),(31,'TH1306','Xử lý ảnh',2,2,0),(32,'TH1307','Hệ quản trị cơ sở dữ liệu',3,2,1),(33,'TH1308','Lập trình Web',3,2,1),(34,'TH1309','Lập trình Java',3,2,1),(35,'TH1310','Lập trình cơ sở dữ liệu',3,2,1),(36,'TH1311','Quản trị mạng máy tính',3,2,1),(37,'TH1312','Hệ thống phân tán',2,2,0),(38,'TH1313','An toàn hệ thống và an ninh mạng',3,2,1),(39,'TH1314','Lập trình mạng',3,2,1),(40,'TH1315','Xây dựng ứng dụng phân tán',3,2,1),(41,'TH1316','Thiết kế mạng máy tính',3,2,1),(42,'TH1317','Xử lý tiếng nói',3,2,1),(43,'TH1318','Agent và hệ agent',2,2,0),(44,'TH1319','Nguyên lý máy học',3,2,1),(45,'TH1320','Thị giác máy tính',3,2,1),(46,'TH1321','Nhập môn công nghệ phần mềm',3,2,1),(47,'TH1322','Đảm bảo chất lượng phần mềm',3,2,1),(48,'TH1323','Kiểm thử phần mềm',3,2,1),(49,'TH1324','Phân tích thiết kế hướng đối tượng',3,2,1),(50,'TH1325','Phát triển phần mềm hướng dịch vụ',2,1,1),(51,'TH1326','Tương tác người máy',3,2,1),(52,'TH1327','Quản trị dự án',3,2,1),(53,'TH1328','Cơ sở dữ liệu phân tán',3,2,1),(54,'TH1329','Hệ thống thông tin quản lý',3,2,1),(55,'TH1330','Hệ cơ sở dữ liệu đa phương tiện',3,2,1),(56,'TH1331','Khai phá dữ liệu',2,2,0),(57,'TH1332','Hệ trợ giúp quyết định',3,2,1),(58,'TH1333','Trí tuệ nhân tạo',3,2,1),(59,'TH1334','Ngôn ngữ lập trình',2,2,0),(60,'TH1335','Xử lý ảnh',3,2,1),(61,'TH1336','Lập trình Web',4,2,2),(62,'TH1337','Lập trình DotNET',4,2,2),(63,'TH1338','Lập trình ứng dụng cho thiết bị di động',4,2,2),(64,'TH1339','Quản trị mạng máy tính',3,1,2),(65,'TH1340','Hệ thống phân tán',3,2,1),(66,'TH1341','An toàn và an ninh thông tin',3,2,1),(67,'TH1342','Công nghệ mạng không dây',2,1,1),(68,'TH1343','Xử lý âm thanh',3,2,1),(69,'TH1345','Mô hình hóa hình học 3D',3,2,1),(70,'TH1346','Khai phá dữ liệu',3,2,1),(71,'TH1347','Xử lý dữ liệu lớn',3,2,1),(72,'TH1349','Quản lý dự án phần mềm',3,2,1),(73,'TH1350','Phát triển phần mềm nhúng',2,1,1),(74,'TH1354','Anh văn chuyên ngành',2,2,0),(75,'TH1355','Hệ thống nhúng',3,1,2),(76,'TH1356','Mạng trong IoT',3,2,1),(77,'TH1358','Bảo mật ứng dụng Web',3,2,1),(78,'TH1359','Internet vạn vật',3,2,1),(79,'TH1361','Ứng dụng máy học trong IoT',2,1,1),(80,'TH1369','Phát triển ứng dụng IoT',3,1,2),(81,'TH1370','Triển khai hệ thống mạng văn phòng',3,1,2),(82,'TH1371','Công nghệ phần mềm',2,2,0),(83,'TH1372','Kiểm thử và đảm bảo chất lượng phần mềm',3,2,1),(84,'TH1373','Phát triển ứng dụng Web',3,1,2),(85,'TH1374','Phát triển ứng dụng cho thiết bị di động',3,1,2),(86,'TH1375','Lập trình game',3,1,2),(87,'TH1376','Sensor và ứng dụng',3,1,2),(88,'TH1381','Thị giác máy tính',4,2,2),(89,'TH1382','Học sâu - Deep Learning',4,2,2),(90,'TH1386','Robotic',4,2,2),(91,'TH1390','Phát triển ứng dụng IoT',4,2,2),(92,'TH1391','Nguyên lý máy học ',4,2,2),(93,'TH1392','Phát triển phần mềm nhúng',3,1,2),(94,'TH1395','Điện toán đám mây',3,2,1),(95,'TH1396','Cơ sở dữ liệu phân tán',4,2,2),(96,'TH1397 ','Lập trình .NET',4,2,2),(97,'TH1401','Anh văn chuyên ngành truyền thông',2,2,0),(98,'TH1402','Thiết kế Web truyền thông',3,2,1),(99,'TH1407','Thiết kế ấn phẩm báo chí',4,2,2),(100,'TH1501','Đồ án cơ sở ngành',1,0,1),(101,'TH1502','Đồ án chuyên ngành',1,0,1),(102,'TH1503','Đồ án Mạng và truyền thông',1,0,1),(103,'TH1504','Đồ án Khoa học máy tính',1,0,1),(104,'TH1505','Đồ án Công nghệ phần mềm',1,0,1),(105,'TH1506','Đồ án Hệ thống thông tin',1,0,1),(106,'TH1514 ','Thiết kế đồ họa',3,1,2),(107,'TH1517','Đồ họa quảng cáo',2,0,2),(108,'TH1518','Tin học ứng dụng',3,0,3),(109,'TH1521','Lắp ráp cài đặt máy tính',2,0,2),(110,'TH1522','Tin học ứng dụng',2,0,2),(111,'TH1525','Thiết kế diễn đàn trực tuyến',2,0,2),(112,'TH1526','Hệ thống thông tin quang',2,0,2),(113,'TH1601','Thực tập tốt nghiệp',2,0,2),(114,'TH1602','Khóa luận tốt nghiệp',10,6,4),(115,'TH1603','Phát triển hệ thống thương mại điện tử',3,2,1),(116,'TH1604','Phát triển ứng dụng cho thiết bị di động',4,2,2),(117,'TH1605','Kiến trúc và thuật toán song song',3,2,1),(118,'TH1606','Thương mại điện tử',3,2,1),(119,'TH1607','Cơ sở dữ liệu phân tán',3,2,1),(120,'TH1512','Đồ án CNTT 2',2,0,2),(121,'TH1507','Đồ án CNTT 1',1,0,1);

--
-- Table structure for table `lich_day`
--

/*!40101 SET @saved_cs_client     = @@character_set_client */;
/*!50503 SET character_set_client = utf8mb4 */;
CREATE TABLE IF NOT EXISTS `lich_day` (
  `ma_hoc_phan` varchar(255) DEFAULT NULL,
  `id_hoc_phan` int NOT NULL,
  `noi_dung_giang_day` text,
  `bai_giang` int DEFAULT NULL,
  `bai_tap` int DEFAULT NULL,
  `thuc_hanh` int DEFAULT NULL,
  `cong_viec_chuan_bi` text,
  `ghi_chu` text,
  `id_don_vi` int NOT NULL,
  `id_hoc_ky` int NOT NULL,
  `id_giang_vien` int NOT NULL,
  `gv_giang_day_chinh` text
) ENGINE=InnoDB DEFAULT CHARSET=utf8mb3;
/*!40101 SET character_set_client = @saved_cs_client */;

--
-- Dumping data for table `lich_day`
--

INSERT INTO `lich_day` (`ma_hoc_phan`, `id_hoc_phan`, `noi_dung_giang_day`, `bai_giang`, `bai_tap`, `thuc_hanh`, `cong_viec_chuan_bi`, `ghi_chu`, `id_don_vi`, `id_hoc_ky`, `id_giang_vien`, `gv_giang_day_chinh`) VALUES ('224_1TH1526_KS2A_tructiep (33 sv)',112,'Chương 1',2,1,1,'Đề cương bài giảng\nSlide bài giảng',NULL,2,36,344,'Nguyễn Hoàng Anh'),('224_1TH1526_KS2A_tructiep (33 sv)',112,'Chương 2',2,1,1,'Đề cương bài giảng\nSlide bài giảng','01 tiết trực tuyến',2,36,344,'Nguyễn Hoàng Anh'),('224_1TH1526_KS2A_tructiep (33 sv)',112,'Chương 3',2,1,1,'Đề cương bài giảng\nSlide bài giảng',NULL,2,36,344,'Nguyễn Hoàng Anh'),('224_1TH1526_KS2A_tructiep (33 sv)',112,'Chương 4',2,1,1,'Đề cương bài giảng\nSlide bài giảng',NULL,2,36,344,'Nguyễn Hoàng Anh'),('224_1TH1526_KS2A_tructiep (33 sv)',112,'Chương 5',2,1,1,'Đề cương bài giảng\nSlide bài giảng','01 tiết trực tuyến',2,36,344,'Nguyễn Hoàng Anh'),('223_1TH1526_KS2A_tructiep (19 sv)',112,'Chương 1',2,1,NULL,'Đề cương bài giảng\r\nSlide bài giảng',NULL,2,34,344,'Nguyễn Hoàng Anh'),('223_1TH1526_KS2A_tructiep (19 sv)',112,'Chương 2',2,1,NULL,'Đề cương bài giảng\r\nSlide bài giảng','01 tiết trực tuyến',2,34,344,'Nguyễn Hoàng Anh'),('223_1TH1526_KS2A_tructiep (19 sv)',112,'Chương 3',2,1,NULL,'Đề cương bài giảng\r\nSlide bài giảng',NULL,2,34,344,'Nguyễn Hoàng Anh'),('223_1TH1526_KS2A_tructiep (19 sv)',112,'Chương 4',2,1,NULL,'Đề cương bài giảng\r\nSlide bài giảng',NULL,2,34,344,'Nguyễn Hoàng Anh'),('223_1TH1526_KS2A_tructiep (19 sv)',112,'Chương 5',2,1,NULL,'Đề cương bài giảng\r\nSlide bài giảng','01 tiết trực tuyến',2,34,344,'Nguyễn Hoàng Anh'),('231_1TH1342_KS2A_tructiep (21 sv)',67,NULL,NULL,NULL,NULL,'Đề cương bài giảng\r\nSlide bài giảng',NULL,2,37,344,'Nguyễn Hoàng Anh'),('231_1TH1342_KS2A_tructiep (21 sv)',67,NULL,NULL,NULL,NULL,'Đề cương bài giảng\r\nSlide bài giảng','01 tiết trực tuyến',2,37,344,'Nguyễn Hoàng Anh'),('231_1TH1342_KS2A_tructiep (21 sv)',67,NULL,NULL,NULL,NULL,'Đề cương bài giảng\r\nSlide bài giảng',NULL,2,37,344,'Nguyễn Hoàng Anh'),('231_1TH1342_KS2A_tructiep (21 sv)',67,NULL,NULL,NULL,NULL,'Đề cương bài giảng\r\nSlide bài giảng',NULL,2,37,344,'Nguyễn Hoàng Anh'),('231_1TH1342_KS2A_tructiep (21 sv)',67,NULL,NULL,NULL,NULL,'Đề cương bài giảng\r\nSlide bài giảng','01 tiết trực tuyến',2,37,344,'Nguyễn Hoàng Anh'),('231_1TH1342_KS2A_tructiep (21 sv)',67,NULL,NULL,NULL,NULL,'Đề cương bài giảng\r\nSlide bài giảng','01 tiết trực tuyến',2,37,344,'Nguyễn Hoàng Anh'),('231_1TH1342_KS2A_tructiep (21 sv)',67,NULL,NULL,NULL,NULL,'Đề cương bài giảng\r\nSlide bài giảng',NULL,2,37,344,'Nguyễn Hoàng Anh'),('231_1TH1342_KS2A_tructiep (21 sv)',67,NULL,NULL,NULL,NULL,'Đề cương bài giảng\r\nSlide bài giảng',NULL,2,37,344,'Nguyễn Hoàng Anh'),('231_1TH1342_KS2A_tructiep (21 sv)',67,NULL,NULL,NULL,NULL,'Đề cương bài giảng\r\nSlide bài giảng','01 tiết trực tuyến',2,37,344,'Nguyễn Hoàng Anh'),('231_1TH1342_KS2A_tructiep (21 sv)',67,NULL,NULL,NULL,NULL,'Đề cương bài giảng\r\nSlide bài giảng','01 tiết trực tuyến',2,37,344,'Nguyễn Hoàng Anh'),('231_1TH1342_KS2A_tructiep (21 sv)',67,NULL,NULL,NULL,NULL,'Đề cương bài giảng\r\nSlide bài giảng',NULL,2,37,344,'Nguyễn Hoàng Anh'),('231_1TH1342_KS2A_tructiep (21 sv)',67,NULL,NULL,NULL,NULL,'Đề cương bài giảng\r\nSlide bài giảng',NULL,2,37,344,'Nguyễn Hoàng Anh'),('231_1TH1342_KS2A_tructiep (21 sv)',67,NULL,NULL,NULL,NULL,'Đề cương bài giảng\r\nSlide bài giảng','01 tiết trực tuyến',2,37,344,'Nguyễn Hoàng Anh'),('231_1TH1342_KS2A_tructiep (21 sv)',67,NULL,NULL,NULL,NULL,'Đề cương bài giảng\r\nSlide bài giảng',NULL,2,37,344,'Nguyễn Hoàng Anh'),('231_1TH1342_KS2A_tructiep (21 sv)',67,NULL,NULL,NULL,NULL,'Đề cương bài giảng\r\nSlide bài giảng',NULL,2,37,344,'Nguyễn Hoàng Anh'),('221D_1TH1338_K46_VL (20 sv)',63,NULL,NULL,NULL,NULL,NULL,NULL,2,33,411,NULL),('221D_1TH1338_K46_VL (20 sv)',63,NULL,NULL,NULL,NULL,NULL,NULL,2,33,411,NULL),('221D_1TH1338_K46_VL (20 sv)',63,NULL,NULL,NULL,NULL,NULL,NULL,2,33,411,NULL),('221D_1TH1338_K46_VL (20 sv)',63,NULL,NULL,NULL,NULL,NULL,NULL,2,33,411,NULL),('221D_1TH1338_K46_VL (20 sv)',63,NULL,NULL,NULL,NULL,NULL,NULL,2,33,411,NULL),('221D_1TH1338_K46_VL (20 sv)',63,NULL,NULL,NULL,NULL,NULL,NULL,2,33,411,NULL),('221D_1TH1338_K46_VL (20 sv)',63,NULL,NULL,NULL,NULL,NULL,NULL,2,33,411,NULL),('221D_1TH1338_K46_VL (20 sv)',63,NULL,NULL,NULL,NULL,NULL,NULL,2,33,411,NULL),('221D_1TH1338_K46_VL (20 sv)',63,NULL,NULL,NULL,NULL,NULL,NULL,2,33,411,NULL),('221D_1TH1338_K46_VL (20 sv)',63,NULL,NULL,NULL,NULL,NULL,NULL,2,33,411,NULL),('221D_1TH1338_K46_VL (20 sv)',63,NULL,NULL,NULL,NULL,NULL,NULL,2,33,411,NULL),('221D_1TH1338_K46_VL (20 sv)',63,NULL,NULL,NULL,NULL,NULL,NULL,2,33,411,NULL),('221D_1TH1338_K46_VL (20 sv)',63,NULL,NULL,NULL,NULL,NULL,NULL,2,33,411,NULL),('221D_1TH1338_K46_VL (20 sv)',63,NULL,NULL,NULL,NULL,NULL,NULL,2,33,411,NULL),('221D_1TH1338_K46_VL (20 sv)',63,NULL,NULL,NULL,NULL,NULL,NULL,2,33,411,NULL),('221_1TH1338_KS2A_03_tructiep (72 sv)',63,NULL,NULL,NULL,NULL,NULL,NULL,2,33,411,NULL),('221_1TH1338_KS2A_03_tructiep (72 sv)',63,NULL,NULL,NULL,NULL,NULL,NULL,2,33,411,NULL),('221_1TH1338_KS2A_03_tructiep (72 sv)',63,NULL,NULL,NULL,NULL,NULL,NULL,2,33,411,NULL),('221_1TH1338_KS2A_03_tructiep (72 sv)',63,NULL,NULL,NULL,NULL,NULL,NULL,2,33,411,NULL),('221_1TH1338_KS2A_03_tructiep (72 sv)',63,NULL,NULL,NULL,NULL,NULL,NULL,2,33,411,NULL),('221_1TH1338_KS2A_03_tructiep (72 sv)',63,NULL,NULL,NULL,NULL,NULL,NULL,2,33,411,NULL),('221_1TH1338_KS2A_03_tructiep (72 sv)',63,NULL,NULL,NULL,NULL,NULL,NULL,2,33,411,NULL),('221_1TH1338_KS2A_03_tructiep (72 sv)',63,NULL,NULL,NULL,NULL,NULL,NULL,2,33,411,NULL),('221_1TH1338_KS2A_03_tructiep (72 sv)',63,NULL,NULL,NULL,NULL,NULL,NULL,2,33,411,NULL),('221_1TH1338_KS2A_03_tructiep (72 sv)',63,NULL,NULL,NULL,NULL,NULL,NULL,2,33,411,NULL),('221_1TH1338_KS2A_03_tructiep (72 sv)',63,NULL,NULL,NULL,NULL,NULL,NULL,2,33,411,NULL),('221_1TH1338_KS2A_03_tructiep (72 sv)',63,NULL,NULL,NULL,NULL,NULL,NULL,2,33,411,NULL),('221_1TH1338_KS2A_03_tructiep (72 sv)',63,NULL,NULL,NULL,NULL,NULL,NULL,2,33,411,NULL),('221_1TH1338_KS2A_03_tructiep (72 sv)',63,NULL,NULL,NULL,NULL,NULL,NULL,2,33,411,NULL),('221_1TH1338_KS2A_03_tructiep (72 sv)',63,NULL,NULL,NULL,NULL,NULL,NULL,2,33,411,NULL),('222_1TH1338_KS2A_tructiep (12 sv)',63,NULL,NULL,NULL,NULL,NULL,NULL,2,33,411,NULL),('222_1TH1338_KS2A_tructiep (12 sv)',63,NULL,NULL,NULL,NULL,NULL,NULL,2,33,411,NULL),('222_1TH1338_KS2A_tructiep (12 sv)',63,NULL,NULL,NULL,NULL,NULL,NULL,2,33,411,NULL),('222_1TH1338_KS2A_tructiep (12 sv)',63,NULL,NULL,NULL,NULL,NULL,NULL,2,33,411,NULL),('222_1TH1338_KS2A_tructiep (12 sv)',63,NULL,NULL,NULL,NULL,NULL,NULL,2,33,411,NULL),('222_1TH1338_KS2A_tructiep (12 sv)',63,NULL,NULL,NULL,NULL,NULL,NULL,2,33,411,NULL),('222_1TH1338_KS2A_tructiep (12 sv)',63,NULL,NULL,NULL,NULL,NULL,NULL,2,33,411,NULL),('222_1TH1338_KS2A_tructiep (12 sv)',63,NULL,NULL,NULL,NULL,NULL,NULL,2,33,411,NULL),('222_1TH1338_KS2A_tructiep (12 sv)',63,NULL,NULL,NULL,NULL,NULL,NULL,2,33,411,NULL),('222_1TH1338_KS2A_tructiep (12 sv)',63,NULL,NULL,NULL,NULL,NULL,NULL,2,33,411,NULL),('222_1TH1338_KS2A_tructiep (12 sv)',63,NULL,NULL,NULL,NULL,NULL,NULL,2,33,411,NULL),('222_1TH1338_KS2A_tructiep (12 sv)',63,NULL,NULL,NULL,NULL,NULL,NULL,2,33,411,NULL),('222_1TH1338_KS2A_tructiep (12 sv)',63,NULL,NULL,NULL,NULL,NULL,NULL,2,33,411,NULL),('222_1TH1338_KS2A_tructiep (12 sv)',63,NULL,NULL,NULL,NULL,NULL,NULL,2,33,411,NULL),('222_1TH1338_KS2A_tructiep (12 sv)',63,NULL,NULL,NULL,NULL,NULL,NULL,2,33,411,NULL),('231_1TH1338_KS2A_01_tructiep (63 sv)',63,NULL,NULL,NULL,NULL,NULL,NULL,2,33,411,NULL),('231_1TH1338_KS2A_01_tructiep (63 sv)',63,NULL,NULL,NULL,NULL,NULL,NULL,2,33,411,NULL),('231_1TH1338_KS2A_01_tructiep (63 sv)',63,NULL,NULL,NULL,NULL,NULL,NULL,2,33,411,NULL),('231_1TH1338_KS2A_01_tructiep (63 sv)',63,NULL,NULL,NULL,NULL,NULL,NULL,2,33,411,NULL),('231_1TH1338_KS2A_01_tructiep (63 sv)',63,NULL,NULL,NULL,NULL,NULL,NULL,2,33,411,NULL),('231_1TH1338_KS2A_01_tructiep (63 sv)',63,NULL,NULL,NULL,NULL,NULL,NULL,2,33,411,NULL),('231_1TH1338_KS2A_01_tructiep (63 sv)',63,NULL,NULL,NULL,NULL,NULL,NULL,2,33,411,NULL),('231_1TH1338_KS2A_01_tructiep (63 sv)',63,NULL,NULL,NULL,NULL,NULL,NULL,2,33,411,NULL),('231_1TH1338_KS2A_01_tructiep (63 sv)',63,NULL,NULL,NULL,NULL,NULL,NULL,2,33,411,NULL),('231_1TH1338_KS2A_01_tructiep (63 sv)',63,NULL,NULL,NULL,NULL,NULL,NULL,2,33,411,NULL),('231_1TH1338_KS2A_01_tructiep (63 sv)',63,NULL,NULL,NULL,NULL,NULL,NULL,2,33,411,NULL),('231_1TH1338_KS2A_01_tructiep (63 sv)',63,NULL,NULL,NULL,NULL,NULL,NULL,2,33,411,NULL),('231_1TH1338_KS2A_01_tructiep (63 sv)',63,NULL,NULL,NULL,NULL,NULL,NULL,2,33,411,NULL),('231_1TH1338_KS2A_01_tructiep (63 sv)',63,NULL,NULL,NULL,NULL,NULL,NULL,2,33,411,NULL),('231_1TH1338_KS2A_01_tructiep (63 sv)',63,NULL,NULL,NULL,NULL,NULL,NULL,2,33,411,NULL),('231_1TH1338_KS2A_02_tructiep (62 sv)',63,NULL,NULL,NULL,NULL,NULL,NULL,2,33,411,NULL),('231_1TH1338_KS2A_02_tructiep (62 sv)',63,NULL,NULL,NULL,NULL,NULL,NULL,2,33,411,NULL),('231_1TH1338_KS2A_02_tructiep (62 sv)',63,NULL,NULL,NULL,NULL,NULL,NULL,2,33,411,NULL),('231_1TH1338_KS2A_02_tructiep (62 sv)',63,NULL,NULL,NULL,NULL,NULL,NULL,2,33,411,NULL),('231_1TH1338_KS2A_02_tructiep (62 sv)',63,NULL,NULL,NULL,NULL,NULL,NULL,2,33,411,NULL),('231_1TH1338_KS2A_02_tructiep (62 sv)',63,NULL,NULL,NULL,NULL,NULL,NULL,2,33,411,NULL),('231_1TH1338_KS2A_02_tructiep (62 sv)',63,NULL,NULL,NULL,NULL,NULL,NULL,2,33,411,NULL),('231_1TH1338_KS2A_02_tructiep (62 sv)',63,NULL,NULL,NULL,NULL,NULL,NULL,2,33,411,NULL),('231_1TH1338_KS2A_02_tructiep (62 sv)',63,NULL,NULL,NULL,NULL,NULL,NULL,2,33,411,NULL),('231_1TH1338_KS2A_02_tructiep (62 sv)',63,NULL,NULL,NULL,NULL,NULL,NULL,2,33,411,NULL),('231_1TH1338_KS2A_02_tructiep (62 sv)',63,NULL,NULL,NULL,NULL,NULL,NULL,2,33,411,NULL),('231_1TH1338_KS2A_02_tructiep (62 sv)',63,NULL,NULL,NULL,NULL,NULL,NULL,2,33,411,NULL),('231_1TH1338_KS2A_02_tructiep (62 sv)',63,NULL,NULL,NULL,NULL,NULL,NULL,2,33,411,NULL),('231_1TH1338_KS2A_02_tructiep (62 sv)',63,NULL,NULL,NULL,NULL,NULL,NULL,2,33,411,NULL),('231_1TH1338_KS2A_02_tructiep (62 sv)',63,NULL,NULL,NULL,NULL,NULL,NULL,2,33,411,NULL),('231_1TH1338_KS2A_03_tructiep (52 sv)',63,NULL,NULL,NULL,NULL,NULL,NULL,2,33,411,NULL),('231_1TH1338_KS2A_03_tructiep (52 sv)',63,NULL,NULL,NULL,NULL,NULL,NULL,2,33,411,NULL),('231_1TH1338_KS2A_03_tructiep (52 sv)',63,NULL,NULL,NULL,NULL,NULL,NULL,2,33,411,NULL),('231_1TH1338_KS2A_03_tructiep (52 sv)',63,NULL,NULL,NULL,NULL,NULL,NULL,2,33,411,NULL),('231_1TH1338_KS2A_03_tructiep (52 sv)',63,NULL,NULL,NULL,NULL,NULL,NULL,2,33,411,NULL),('231_1TH1338_KS2A_03_tructiep (52 sv)',63,NULL,NULL,NULL,NULL,NULL,NULL,2,33,411,NULL),('231_1TH1338_KS2A_03_tructiep (52 sv)',63,NULL,NULL,NULL,NULL,NULL,NULL,2,33,411,NULL),('231_1TH1338_KS2A_03_tructiep (52 sv)',63,NULL,NULL,NULL,NULL,NULL,NULL,2,33,411,NULL),('231_1TH1338_KS2A_03_tructiep (52 sv)',63,NULL,NULL,NULL,NULL,NULL,NULL,2,33,411,NULL),('231_1TH1338_KS2A_03_tructiep (52 sv)',63,NULL,NULL,NULL,NULL,NULL,NULL,2,33,411,NULL),('231_1TH1338_KS2A_03_tructiep (52 sv)',63,NULL,NULL,NULL,NULL,NULL,NULL,2,33,411,NULL),('231_1TH1338_KS2A_03_tructiep (52 sv)',63,NULL,NULL,NULL,NULL,NULL,NULL,2,33,411,NULL),('231_1TH1338_KS2A_03_tructiep (52 sv)',63,NULL,NULL,NULL,NULL,NULL,NULL,2,33,411,NULL),('231_1TH1338_KS2A_03_tructiep (52 sv)',63,NULL,NULL,NULL,NULL,NULL,NULL,2,33,411,NULL),('231_1TH1338_KS2A_03_tructiep (52 sv)',63,NULL,NULL,NULL,NULL,NULL,NULL,2,33,411,NULL),('232_1TH1338_KS2A_tructiep (38 sv)',63,NULL,NULL,NULL,NULL,NULL,NULL,2,33,411,NULL),('232_1TH1338_KS2A_tructiep (38 sv)',63,NULL,NULL,NULL,NULL,NULL,NULL,2,33,411,NULL),('232_1TH1338_KS2A_tructiep (38 sv)',63,NULL,NULL,NULL,NULL,NULL,NULL,2,33,411,NULL),('232_1TH1338_KS2A_tructiep (38 sv)',63,NULL,NULL,NULL,NULL,NULL,NULL,2,33,411,NULL),('232_1TH1338_KS2A_tructiep (38 sv)',63,NULL,NULL,NULL,NULL,NULL,NULL,2,33,411,NULL),('232_1TH1338_KS2A_tructiep (38 sv)',63,NULL,NULL,NULL,NULL,NULL,NULL,2,33,411,NULL),('232_1TH1338_KS2A_tructiep (38 sv)',63,NULL,NULL,NULL,NULL,NULL,NULL,2,33,411,NULL),('232_1TH1338_KS2A_tructiep (38 sv)',63,NULL,NULL,NULL,NULL,NULL,NULL,2,33,411,NULL),('232_1TH1338_KS2A_tructiep (38 sv)',63,NULL,NULL,NULL,NULL,NULL,NULL,2,33,411,NULL),('232_1TH1338_KS2A_tructiep (38 sv)',63,NULL,NULL,NULL,NULL,NULL,NULL,2,33,411,NULL),('232_1TH1338_KS2A_tructiep (38 sv)',63,NULL,NULL,NULL,NULL,NULL,NULL,2,33,411,NULL),('232_1TH1338_KS2A_tructiep (38 sv)',63,NULL,NULL,NULL,NULL,NULL,NULL,2,33,411,NULL),('232_1TH1338_KS2A_tructiep (38 sv)',63,NULL,NULL,NULL,NULL,NULL,NULL,2,33,411,NULL),('232_1TH1338_KS2A_tructiep (38 sv)',63,NULL,NULL,NULL,NULL,NULL,NULL,2,33,411,NULL),('232_1TH1338_KS2A_tructiep (38 sv)',63,NULL,NULL,NULL,NULL,NULL,NULL,2,33,411,NULL),('TH1338',63,'abc',NULL,NULL,NULL,NULL,NULL,2,40,411,NULL),('TH1338',63,'abc',NULL,NULL,NULL,NULL,NULL,2,40,411,NULL),('TH1338',63,'abc',NULL,NULL,NULL,NULL,NULL,2,40,411,NULL),('TH1338',63,NULL,NULL,NULL,NULL,NULL,NULL,2,40,411,NULL),('TH1338',63,NULL,NULL,NULL,NULL,NULL,NULL,2,40,411,NULL),('TH1338',63,NULL,NULL,NULL,NULL,NULL,NULL,2,40,411,NULL),('TH1338',63,NULL,NULL,NULL,NULL,NULL,NULL,2,40,411,NULL),('TH1338',63,NULL,NULL,NULL,NULL,NULL,NULL,2,40,411,NULL),('TH1338',63,NULL,NULL,NULL,NULL,NULL,NULL,2,40,411,NULL),('TH1338',63,NULL,NULL,NULL,NULL,NULL,NULL,2,40,411,NULL),('TH1338',63,NULL,NULL,NULL,NULL,NULL,NULL,2,40,411,NULL),('TH1338',63,NULL,NULL,NULL,NULL,NULL,NULL,2,40,411,NULL),('TH1338',63,NULL,NULL,NULL,NULL,NULL,NULL,2,40,411,NULL),('TH1338',63,NULL,NULL,NULL,NULL,NULL,NULL,2,40,411,NULL),('TH1338',63,NULL,NULL,NULL,NULL,NULL,NULL,2,40,411,NULL),('TH1309',34,'123',NULL,NULL,NULL,NULL,NULL,2,40,411,NULL),('TH1309',34,'123',NULL,NULL,NULL,NULL,NULL,2,40,411,NULL),('TH1309',34,'123',NULL,NULL,NULL,NULL,NULL,2,40,411,NULL),('TH1309',34,NULL,NULL,NULL,NULL,NULL,NULL,2,40,411,NULL),('TH1309',34,NULL,NULL,NULL,NULL,NULL,NULL,2,40,411,NULL),('TH1309',34,NULL,NULL,NULL,NULL,NULL,NULL,2,40,411,NULL),('TH1309',34,NULL,NULL,NULL,NULL,NULL,NULL,2,40,411,NULL),('TH1309',34,NULL,NULL,NULL,NULL,NULL,NULL,2,40,411,NULL),('TH1309',34,NULL,NULL,NULL,NULL,NULL,NULL,2,40,411,NULL),('TH1309',34,NULL,NULL,NULL,NULL,NULL,NULL,2,40,411,NULL),('TH1309',34,NULL,NULL,NULL,NULL,NULL,NULL,2,40,411,NULL),('TH1309',34,NULL,NULL,NULL,NULL,NULL,NULL,2,40,411,NULL),('TH1309',34,NULL,NULL,NULL,NULL,NULL,NULL,2,40,411,NULL),('TH1309',34,NULL,NULL,NULL,NULL,NULL,NULL,2,40,411,NULL),('TH1309',34,NULL,NULL,NULL,NULL,NULL,NULL,2,40,411,NULL),('TH1336',61,'123',NULL,NULL,NULL,NULL,NULL,2,40,411,NULL),('TH1336',61,'123',NULL,NULL,NULL,NULL,NULL,2,40,411,NULL),('TH1336',61,NULL,NULL,NULL,NULL,NULL,NULL,2,40,411,NULL),('TH1336',61,NULL,NULL,NULL,NULL,NULL,NULL,2,40,411,NULL),('TH1336',61,NULL,NULL,NULL,NULL,NULL,NULL,2,40,411,NULL),('TH1336',61,NULL,NULL,NULL,NULL,NULL,NULL,2,40,411,NULL),('TH1336',61,NULL,NULL,NULL,NULL,NULL,NULL,2,40,411,NULL),('TH1336',61,NULL,NULL,NULL,NULL,NULL,NULL,2,40,411,NULL),('TH1336',61,NULL,NULL,NULL,NULL,NULL,NULL,2,40,411,NULL),('TH1336',61,NULL,NULL,NULL,NULL,NULL,NULL,2,40,411,NULL),('TH1336',61,NULL,NULL,NULL,NULL,NULL,NULL,2,40,411,NULL),('TH1336',61,NULL,NULL,NULL,NULL,NULL,NULL,2,40,411,NULL),('TH1336',61,NULL,NULL,NULL,NULL,NULL,NULL,2,40,411,NULL),('TH1336',61,NULL,NULL,NULL,NULL,NULL,NULL,2,40,411,NULL),('TH1336',61,NULL,NULL,NULL,NULL,NULL,NULL,2,40,411,NULL),('TH1309_(BT)',34,'123',NULL,NULL,NULL,NULL,NULL,2,40,411,NULL),('TH1309_(BT)',34,NULL,NULL,NULL,NULL,NULL,NULL,2,40,411,NULL),('TH1309_(BT)',34,NULL,NULL,NULL,NULL,NULL,NULL,2,40,411,NULL),('TH1309_(BT)',34,NULL,NULL,NULL,NULL,NULL,NULL,2,40,411,NULL),('TH1309_(BT)',34,NULL,NULL,NULL,NULL,NULL,NULL,2,40,411,NULL),('TH1309_(BT)',34,NULL,NULL,NULL,NULL,NULL,NULL,2,40,411,NULL),('TH1309_(BT)',34,NULL,NULL,NULL,NULL,NULL,NULL,2,40,411,NULL),('TH1309_(BT)',34,NULL,NULL,NULL,NULL,NULL,NULL,2,40,411,NULL),('TH1309_(BT)',34,NULL,NULL,NULL,NULL,NULL,NULL,2,40,411,NULL),('TH1309_(BT)',34,NULL,NULL,NULL,NULL,NULL,NULL,2,40,411,NULL),('TH1309_(BT)',34,NULL,NULL,NULL,NULL,NULL,NULL,2,40,411,NULL),('TH1309_(BT)',34,NULL,NULL,NULL,NULL,NULL,NULL,2,40,411,NULL),('TH1309_(BT)',34,NULL,NULL,NULL,NULL,NULL,NULL,2,40,411,NULL),('TH1309_(BT)',34,NULL,NULL,NULL,NULL,NULL,NULL,2,40,411,NULL),('TH1309_(BT)',34,NULL,NULL,NULL,NULL,NULL,NULL,2,40,411,NULL),('233_1TH1373_KS2A_tructiep (4 sv)',84,'21312313131',NULL,NULL,NULL,NULL,NULL,2,39,411,NULL),('233_1TH1373_KS2A_tructiep (4 sv)',84,'13131313',NULL,NULL,NULL,NULL,NULL,2,39,411,NULL),('233_1TH1373_KS2A_tructiep (4 sv)',84,NULL,NULL,NULL,NULL,NULL,NULL,2,39,411,NULL),('233_1TH1373_KS2A_tructiep (4 sv)',84,NULL,NULL,NULL,NULL,NULL,NULL,2,39,411,NULL),('233_1TH1373_KS2A_tructiep (4 sv)',84,NULL,NULL,NULL,NULL,NULL,NULL,2,39,411,NULL),('TH1373',84,'21312313',NULL,NULL,NULL,'123',NULL,2,39,411,NULL),('TH1373',84,'123',NULL,NULL,NULL,NULL,NULL,2,39,411,NULL),('TH1373',84,NULL,NULL,NULL,NULL,NULL,NULL,2,39,411,NULL),('TH1373',84,NULL,NULL,NULL,NULL,NULL,NULL,2,39,411,NULL),('TH1373',84,NULL,NULL,NULL,NULL,NULL,NULL,2,39,411,NULL),('TH1307',32,'123',NULL,NULL,NULL,NULL,'abc',2,40,411,''),('TH1307',32,'123',NULL,NULL,NULL,NULL,NULL,2,40,411,''),('TH1307',32,'abvc',NULL,NULL,NULL,NULL,NULL,2,40,411,''),('TH1307',32,NULL,NULL,NULL,NULL,NULL,NULL,2,40,411,''),('TH1307',32,NULL,NULL,NULL,NULL,NULL,NULL,2,40,411,''),('TH1307',32,NULL,NULL,NULL,NULL,NULL,NULL,2,40,411,''),('TH1307',32,NULL,NULL,NULL,NULL,NULL,NULL,2,40,411,''),('TH1307',32,NULL,NULL,NULL,NULL,NULL,NULL,2,40,411,''),('TH1307',32,NULL,NULL,NULL,NULL,NULL,NULL,2,40,411,''),('TH1307',32,NULL,NULL,NULL,NULL,NULL,NULL,2,40,411,''),('TH1307',32,NULL,NULL,NULL,NULL,NULL,NULL,2,40,411,''),('TH1307',32,NULL,NULL,NULL,NULL,NULL,NULL,2,40,411,''),('TH1307',32,NULL,NULL,NULL,NULL,NULL,NULL,2,40,411,''),('TH1307',32,NULL,NULL,NULL,NULL,NULL,NULL,2,40,411,''),('TH1307',32,NULL,NULL,NULL,NULL,NULL,NULL,2,40,411,''),('TH1525',111,NULL,NULL,NULL,NULL,NULL,NULL,2,40,1513,NULL),('TH1525',111,NULL,NULL,NULL,NULL,NULL,NULL,2,40,1513,NULL),('TH1525',111,NULL,NULL,NULL,NULL,NULL,NULL,2,40,1513,NULL),('TH1525',111,NULL,NULL,NULL,NULL,NULL,NULL,2,40,1513,NULL),('TH1525',111,NULL,NULL,NULL,NULL,NULL,NULL,2,40,1513,NULL),('TH1525',111,NULL,NULL,NULL,NULL,NULL,NULL,2,40,1513,NULL),('TH1525',111,NULL,NULL,NULL,NULL,NULL,NULL,2,40,1513,NULL),('TH1525',111,NULL,NULL,NULL,NULL,NULL,NULL,2,40,1513,NULL),('TH1525',111,NULL,NULL,NULL,NULL,NULL,NULL,2,40,1513,NULL),('TH1525',111,'ávdsav',NULL,NULL,NULL,NULL,NULL,2,40,1513,NULL),('TH1525',111,NULL,NULL,NULL,NULL,NULL,NULL,2,40,1513,NULL),('TH1525',111,NULL,NULL,NULL,NULL,NULL,NULL,2,40,1513,NULL),('TH1525',111,NULL,NULL,NULL,NULL,NULL,NULL,2,40,1513,NULL),('TH1525',111,NULL,NULL,NULL,NULL,NULL,NULL,2,40,1513,NULL),('TH1525',111,NULL,NULL,NULL,NULL,NULL,NULL,2,40,1513,NULL),('TH1369',80,'CHƯƠNG 1: TỔNG QUAN VỀ INTERNET VÀ INTERNET OF THINGS\r\nCHƯƠNG 2: KIẾN THỨC NỀN TẢNG',3,NULL,NULL,'Đề cương bài giảng\r\nSlide bài giảng\r\nVideo bài giảng','1 tiết trực tuyến',2,40,374,'TRẦN PHAN AN TRƯỜNG, TRẦN HỒ ĐẠT, TRẦN THU MAI'),('TH1369',80,'CHƯƠNG 2: KIẾN THỨC NỀN TẢNG (tt)\r\nCHƯƠNG 3: GIỚI THIỆU VỀ CÁC BOARD MẠCH IOT PHỔ BIẾN',3,NULL,NULL,'Đề cương bài giảng\r\nSlide bài giảng\r\nVideo bài giảng','1 tiết trực tuyến',2,40,374,'TRẦN PHAN AN TRƯỜNG, TRẦN HỒ ĐẠT, TRẦN THU MAI'),('TH1369',80,'CHƯƠNG 3: GIỚI THIỆU VỀ CÁC BOARD MẠCH IOT PHỔ BIẾN (tt)',3,NULL,NULL,'Đề cương bài giảng\r\nSlide bài giảng\r\nVideo bài giảng',NULL,2,40,374,'TRẦN PHAN AN TRƯỜNG, TRẦN HỒ ĐẠT, TRẦN THU MAI'),('TH1369',80,'CHƯƠNG 3: GIỚI THIỆU VỀ CÁC BOARD MẠCH IOT PHỔ BIẾN (tt)\r\nCHƯƠNG 4: PHÁT TRIỂN ỨNG DỤNG IOT',2,1,NULL,'Đề cương bài giảng\r\nSlide bài giảng\r\nVideo bài giảng','1 tiết trực tuyến',2,40,374,'TRẦN PHAN AN TRƯỜNG, TRẦN HỒ ĐẠT, TRẦN THU MAI'),('TH1369',80,'CHƯƠNG 4: PHÁT TRIỂN ỨNG DỤNG IOT',2,1,NULL,'Đề cương bài giảng\r\nSlide bài giảng\r\nVideo bài giảng',NULL,2,40,374,'TRẦN PHAN AN TRƯỜNG, TRẦN HỒ ĐẠT, TRẦN THU MAI'),('TH1361',79,'CHƯƠNG 1: TỔNG QUAN ỨNG DỤNG TRÍ TUỆ NHÂN TẠO TRONG IOT',2,NULL,NULL,'Đề cương bài giảng\r\nSlide bài giảng\r\nVideo bài giảng','1 tiết trực tuyến',2,40,374,'Trần Phan An Trường; Trần Thị Cẩm Tú'),('TH1361',79,'CHƯƠNG 2: TẦM QUAN TRỌNG CỦA MACHINE LEARNING TRONG IOT',2,NULL,NULL,'Đề cương bài giảng\r\nSlide bài giảng\r\nVideo bài giảng','1 tiết trực tuyến',2,40,374,'Trần Phan An Trường; Trần Thị Cẩm Tú'),('TH1361',79,'CHƯƠNG 3: LẬP TRÌNH MACHINE LEARNING TRONG IOT',2,NULL,NULL,'Đề cương bài giảng\r\nSlide bài giảng\r\nVideo bài giảng','1 tiết trực tuyến',2,40,374,'Trần Phan An Trường; Trần Thị Cẩm Tú'),('TH1361',79,'CHƯƠNG 4: MỘT SỐ ỨNG DỤNG MACHINE LEARNING TRONG IOT',1,1,NULL,'Đề cương bài giảng\r\nSlide bài giảng\r\nVideo bài giảng','',2,40,374,'Trần Phan An Trường; Trần Thị Cẩm Tú'),('TH1361',79,'CHƯƠNG 4: MỘT SỐ ỨNG DỤNG MACHINE LEARNING TRONG IOT (tt)',1,1,NULL,'Đề cương bài giảng\r\nSlide bài giảng\r\nVideo bài giảng','',2,40,374,'Trần Phan An Trường; Trần Thị Cẩm Tú'),('TH1356',76,'CHƯƠNG 1: TỔNG QUAN VỀ HỆ THỐNG MẠNG IOT\r\n- Giới thiệu\r\n- Một số mô hình mạng IoT',2,NULL,NULL,'Đề cương bài giảng\r\nSlide bài giảng\r\nVideo bài giảng','1 tiết trực tuyến',2,40,374,'Trần Thái Bảo'),('TH1356',76,'CHƯƠNG 1: TỔNG QUAN VỀ HỆ THỐNG MẠNG IOT (tt)\r\n- So sánh các kiến trúc mạng IoT\r\n- Đơn giản hóa kiến trúc IoT',2,NULL,NULL,'Đề cương bài giảng\r\nSlide bài giảng\r\nVideo bài giảng','1 tiết trực tuyến',2,40,374,'Trần Thái Bảo'),('TH1356',76,'CHƯƠNG 1: TỔNG QUAN VỀ HỆ THỐNG MẠNG IOT (tt)\r\nCHƯƠNG 2: ĐỐI TƯỢNG THÔNG MINH\r\n-  Cảm biến\r\n- Actuators',2,NULL,NULL,'Đề cương bài giảng\r\nSlide bài giảng\r\nVideo bài giảng','',2,40,374,'Trần Thái Bảo'),('TH1356',76,'CHƯƠNG 2: ĐỐI TƯỢNG THÔNG MINH (tt)\r\n-  Micro-Electro-Mechanical Systems (MEMS)',2,NULL,NULL,'Đề cương bài giảng\r\nSlide bài giảng\r\nVideo bài giảng','',2,40,374,'Trần Thái Bảo'),('TH1356',76,'CHƯƠNG 3: THIẾT KẾ VÀ KIẾN TRÚC MẠNG IOT\r\n- Kiến trúc mạng IoT',2,NULL,NULL,'Đề cương bài giảng\r\nSlide bài giảng\r\nVideo bài giảng','1 tiết trực tuyến',2,40,374,'Trần Thái Bảo'),('TH1356',76,'CHƯƠNG 3: THIẾT KẾ VÀ KIẾN TRÚC MẠNG IOT (tt)\r\n- Các tính năng quan trọng trong kiến trúc bảo mật IoT',2,NULL,NULL,'Đề cương bài giảng\r\nSlide bài giảng\r\nVideo bài giảng','1 tiết trực tuyến',2,40,374,'Trần Thái Bảo'),('TH1356',76,'CHƯƠNG 3: THIẾT KẾ VÀ KIẾN TRÚC MẠNG IOT (tt)\r\n- Các nguyên tắc kiến trúc bảo mật IoT trên lớp thiết bị',1,1,NULL,'Đề cương bài giảng\r\nSlide bài giảng\r\nVideo bài giảng','',2,40,374,'Trần Thái Bảo'),('TH1356',76,'CHƯƠNG 3: THIẾT KẾ VÀ KIẾN TRÚC MẠNG IOT (tt)\r\n- An toàn bảo mật trên lớp giao tiếp',2,NULL,NULL,'Đề cương bài giảng\r\nSlide bài giảng\r\nVideo bài giảng','',2,40,374,'Trần Thái Bảo'),('TH1356',76,'CHƯƠNG 3: THIẾT KẾ VÀ KIẾN TRÚC MẠNG IOT (tt)\r\n- Các nguyên tắc kiến trúc an toàn bảo mật IoT trên lớp giao tiếp\r\n- So sánh kiến trúc IoT',2,NULL,NULL,'Đề cương bài giảng\r\nSlide bài giảng\r\nVideo bài giảng','',2,40,374,'Trần Thái Bảo'),('TH1356',76,'CHƯƠNG 4: MẠNG KỸ THUẬT IOT\r\n- Cảm biến, cơ cấu kích động và các đối tượng thông minh.',2,NULL,NULL,'Đề cương bài giảng\r\nSlide bài giảng\r\nVideo bài giảng','1 tiết trực tuyến',2,40,374,'Trần Thái Bảo'),('TH1356',76,'CHƯƠNG 4: MẠNG KỸ THUẬT IOT (tt)\r\n- Cảm biến, cơ cấu kích động và các đối tượng thông minh.',2,NULL,NULL,'Đề cương bài giảng\r\nSlide bài giảng\r\nVideo bài giảng','1 tiết trực tuyến',2,40,374,'Trần Thái Bảo'),('TH1356',76,'CHƯƠNG 4: MẠNG KỸ THUẬT IOT (tt)\r\n- Mạng cảm biến',2,NULL,NULL,'Đề cương bài giảng\r\nSlide bài giảng\r\nVideo bài giảng','',2,40,374,'Trần Thái Bảo'),('TH1356',76,'CHƯƠNG 4: MẠNG KỸ THUẬT IOT (tt)\r\n- Các tiêu chuẩn truyền thông\r\n- Kỹ thuật truy cập IoT',1,1,NULL,'Đề cương bài giảng\r\nSlide bài giảng\r\nVideo bài giảng','',2,40,374,'Trần Thái Bảo'),('TH1356',76,'CHƯƠNG 4: MẠNG KỸ THUẬT IOT (tt)\r\n- Giao thức ứng dụng IoT\r\n- Dữ liệu và phân tích dữ liệu IoT',2,NULL,NULL,'Đề cương bài giảng\r\nSlide bài giảng\r\nVideo bài giảng','',2,40,374,'Trần Thái Bảo'),('TH1356',76,'Kiểm tra và đánh giá',2,NULL,NULL,'','',2,40,374,'Trần Thái Bảo');

--
-- Table structure for table `lich_day_th`
--

/*!40101 SET @saved_cs_client     = @@character_set_client */;
/*!50503 SET character_set_client = utf8mb4 */;
CREATE TABLE IF NOT EXISTS `lich_day_th` (
  `ma_hoc_phan` text,
  `id_hoc_phan` int DEFAULT NULL,
  `id_don_vi` int DEFAULT NULL,
  `id_hoc_ky` int DEFAULT NULL,
  `id_giang_vien` int DEFAULT NULL,
  `gv_giang_day_chinh` text,
  `ghi_chu` text,
  `noi_dung` text,
  `ten_de_muc` text,
  `so_gio_quy_dinh` text,
  `thu_tu_bai_hoc` text
) ENGINE=InnoDB DEFAULT CHARSET=utf8mb3;
/*!40101 SET character_set_client = @saved_cs_client */;

--
-- Dumping data for table `lich_day_th`
--

INSERT INTO `lich_day_th` (`ma_hoc_phan`, `id_hoc_phan`, `id_don_vi`, `id_hoc_ky`, `id_giang_vien`, `gv_giang_day_chinh`, `ghi_chu`, `noi_dung`, `ten_de_muc`, `so_gio_quy_dinh`, `thu_tu_bai_hoc`) VALUES ('TH1314_(BT)',39,2,40,411,'123123321','ưqeqưeqe',NULL,'ưeqưeqưe',NULL,NULL),('TH1314_(BT)',39,2,40,411,'123123321','eqeqeqe',NULL,'eqeqeqe','eqeqeq',NULL),('TH1314_(BT)',39,2,40,411,'123123321',NULL,NULL,'eqeqe',NULL,NULL),('TH1314_(BT)',39,2,40,411,'123123321',NULL,NULL,NULL,NULL,NULL),('TH1314_(BT)',39,2,40,411,'123123321',NULL,NULL,NULL,NULL,NULL),('TH1314_(BT)',39,2,40,411,'123123321',NULL,NULL,NULL,NULL,NULL),('TH1314_(BT)',39,2,40,411,'123123321',NULL,NULL,NULL,NULL,NULL),('TH1314_(BT)',39,2,40,411,'123123321',NULL,NULL,NULL,NULL,NULL),('TH1314_(BT)',39,2,40,411,'123123321',NULL,NULL,NULL,NULL,NULL),('TH1314_(BT)',39,2,40,411,'123123321',NULL,NULL,NULL,NULL,NULL),('TH1607_(BT)',119,2,37,411,'abc','123','bád','abc','abc',NULL),('TH1607_(BT)',119,2,37,411,'abc','123','bád','abc','abc',NULL),('TH1607_(BT)',119,2,37,411,'abc','123','bád','abc','abc',NULL),('TH1607_(BT)',119,2,37,411,'abc','123','bád','abc','abc',NULL),('TH1607_(BT)',119,2,37,411,'abc','123','bád','abc','abc',NULL),('TH1607_(BT)',119,2,37,411,'abc','123','bád','abc','abc',NULL),('TH1607_(BT)',119,2,37,411,'abc','123',NULL,'abc','abc',NULL),('TH1607_(BT)',119,2,37,411,'abc','123',NULL,'abc',NULL,NULL),('TH1607_(BT)',119,2,37,411,'abc','123',NULL,'abc',NULL,NULL),('TH1373_(BT)',84,2,39,411,'Trần Thị Kim Ngân','nghỉ','ád','12321','123',NULL),('TH1373_(BT)',84,2,39,411,'Trần Thị Kim Ngân',NULL,'ád','123312','1sdf',NULL),('TH1373_(BT)',84,2,39,411,'Trần Thị Kim Ngân',NULL,NULL,'12312','sadfsadf',NULL),('TH1373_(BT)',84,2,39,411,'Trần Thị Kim Ngân',NULL,NULL,'123123','fsda',NULL),('TH1373_(BT)',84,2,39,411,'Trần Thị Kim Ngân',NULL,NULL,'123','123',NULL),('TH1219_(BT)',18,2,40,1513,NULL,NULL,NULL,'sdbsfb',NULL,NULL),('TH1219_(BT)',18,2,40,1513,NULL,NULL,NULL,NULL,NULL,NULL),('TH1219_(BT)',18,2,40,1513,NULL,NULL,NULL,NULL,NULL,NULL),('TH1219_(BT)',18,2,40,1513,NULL,NULL,NULL,NULL,NULL,NULL),('TH1219_(BT)',18,2,40,1513,NULL,NULL,NULL,NULL,NULL,NULL),('TH1219_(BT)',18,2,40,1513,NULL,NULL,NULL,NULL,NULL,NULL),('TH1219_(BT)',18,2,40,1513,NULL,NULL,NULL,NULL,NULL,NULL),('TH1219_(BT)',18,2,40,1513,NULL,NULL,NULL,NULL,NULL,NULL),('TH1219_(BT)',18,2,40,1513,NULL,NULL,NULL,NULL,NULL,NULL),('TH1219_(BT)',18,2,40,1513,NULL,NULL,NULL,NULL,NULL,NULL),('TH1356_(BT)',76,2,40,374,'Trần Phan An Trường','1 giờ\r\ntrực tuyến','Tìm hiểu và cài đặt về các phần mền lập trình, mô phỏng mạng trong IoT','TÌM HIỂU VÀ CÀI ĐẶT MỘT SỐ ĐỐI TƯỢNG THÔNG MINH TRONG MẠNG IOT','3',NULL),('TH1356_(BT)',76,2,40,374,'Trần Phan An Trường','1 giờ\r\ntrực tuyến','Tìm hiểu và cài đặt một số đối tượng thông minh mạng trong IoT','TÌM HIỂU VÀ CÀI ĐẶT MỘT SỐ ĐỐI TƯỢNG THÔNG MINH TRONG MẠNG IOT  (tt)','3',NULL),('TH1356_(BT)',76,2,40,374,'Trần Phan An Trường','1 giờ\r\ntrực tuyến','Tìm hiểu và thiết kế một số kiến trúc mạng IoT phổ biến','THIẾT KẾ MỘT SỐ KIẾN TRÚC MẠNG IOT PHỔ BIẾN','3',NULL),('TH1356_(BT)',76,2,40,374,'Trần Phan An Trường','','Tìm hiểu và thiết kế một số kiến trúc mạng IoT phổ biến (tt)','THIẾT KẾ MỘT SỐ KIẾN TRÚC MẠNG IOT PHỔ BIẾN (tt)','3',NULL),('TH1356_(BT)',76,2,40,374,'Trần Phan An Trường','1 giờ\r\ntrực tuyến','Tìm hiểu và xây dựng mô hình mạng truyền thông không dây','TÌM HIỂU VÀ XÂY DỰNG MÔ HÌNH MẠNG TRUYỀN THÔNG KHÔNG DÂY','3',NULL),('TH1356_(BT)',76,2,40,374,'Trần Phan An Trường','','Tìm hiểu và xây dựng mô hình mạng truyền thông không dây (tt)','TÌM HIỂU VÀ XÂY DỰNG MÔ HÌNH MẠNG TRUYỀN THÔNG KHÔNG DÂY (tt)','3',NULL),('TH1356_(BT)',76,2,40,374,'Trần Phan An Trường','1 giờ\r\ntrực tuyến','Xây dựng giao thức truyền thông của mạng cảm biến không dây','XÂY DỰNG GIAO THỨC TRUYỀN THÔNG CỦA MẠNG CẢM BIẾN KHÔNG DÂY','3',NULL),('TH1356_(BT)',76,2,40,374,'Trần Phan An Trường','','Xây dựng giao thức truyền thông của mạng cảm biến không dây (tt)','XÂY DỰNG GIAO THỨC TRUYỀN THÔNG CỦA MẠNG CẢM BIẾN KHÔNG DÂY (tt)','3',NULL),('TH1356_(BT)',76,2,40,374,'Trần Phan An Trường','1 giờ\r\ntrực tuyến','Vận dụng các kỹ thuật truy cập IoT thực hiện truy cập và lấy dữ liệu từ các thiết bị cảm biến','VẬN DỤNG CÁC KỸ THUẬT TRUY CẬP IOT THỰC HIỆN TRUY CẬP VÀ LẤY DỮ LIỆU TỪ CÁC THIẾT BỊ CẢM BIẾN','3',NULL),('TH1356_(BT)',76,2,40,374,'Trần Phan An Trường','','Vận dụng các kỹ thuật truy cập iot thực hiện truy cập và lấy dữ liệu từ các thiết bị cảm biến (tt)','VẬN DỤNG CÁC KỸ THUẬT TRUY CẬP IOT THỰC HIỆN TRUY CẬP VÀ LẤY DỮ LIỆU TỪ CÁC THIẾT BỊ CẢM BIẾN (tt)','3',NULL);

--
-- Dumping routines for database 'qllt'
--
/*!50003 SET @saved_cs_client      = @@character_set_client */ ;
/*!50003 SET @saved_cs_results     = @@character_set_results */ ;
/*!50003 SET @saved_col_connection = @@collation_connection */ ;
/*!50003 SET character_set_client  = utf8mb4 */ ;
/*!50003 SET character_set_results = utf8mb4 */ ;
/*!50003 SET collation_connection  = utf8mb4_0900_ai_ci */ ;
/*!50003 SET @saved_sql_mode       = @@sql_mode */ ;
/*!50003 SET sql_mode              = 'NO_AUTO_VALUE_ON_ZERO' */ ;
DELIMITER ;;
CREATE DEFINER=`root`@`localhost` FUNCTION `AES_DECRYPT_ID`(`input` VARBINARY(255)) RETURNS int
    DETERMINISTIC
BEGIN
    DECLARE decrypted_value INT;
    SET decrypted_value = CAST(AES_DECRYPT(input, 'fuinain2409@$)(') AS UNSIGNED);
    RETURN decrypted_value;
END ;;
DELIMITER ;
/*!50003 SET sql_mode              = @saved_sql_mode */ ;
/*!50003 SET character_set_client  = @saved_cs_client */ ;
/*!50003 SET character_set_results = @saved_cs_results */ ;
/*!50003 SET collation_connection  = @saved_col_connection */ ;
/*!50003 SET @saved_cs_client      = @@character_set_client */ ;
/*!50003 SET @saved_cs_results     = @@character_set_results */ ;
/*!50003 SET @saved_col_connection = @@collation_connection */ ;
/*!50003 SET character_set_client  = utf8mb4 */ ;
/*!50003 SET character_set_results = utf8mb4 */ ;
/*!50003 SET collation_connection  = utf8mb4_0900_ai_ci */ ;
/*!50003 SET @saved_sql_mode       = @@sql_mode */ ;
/*!50003 SET sql_mode              = 'NO_AUTO_VALUE_ON_ZERO' */ ;
DELIMITER ;;
CREATE DEFINER=`root`@`localhost` FUNCTION `AES_ENCRYPT_ID`(`input` INT) RETURNS varbinary(255)
    DETERMINISTIC
BEGIN
    RETURN AES_ENCRYPT(CAST(input AS CHAR), 'fuinain2409@$)(');
END ;;
DELIMITER ;
/*!50003 SET sql_mode              = @saved_sql_mode */ ;
/*!50003 SET character_set_client  = @saved_cs_client */ ;
/*!50003 SET character_set_results = @saved_cs_results */ ;
/*!50003 SET collation_connection  = @saved_col_connection */ ;
/*!50003 SET @saved_cs_client      = @@character_set_client */ ;
/*!50003 SET @saved_cs_results     = @@character_set_results */ ;
/*!50003 SET @saved_col_connection = @@collation_connection */ ;
/*!50003 SET character_set_client  = utf8mb4 */ ;
/*!50003 SET character_set_results = utf8mb4 */ ;
/*!50003 SET collation_connection  = utf8mb4_0900_ai_ci */ ;
/*!50003 SET @saved_sql_mode       = @@sql_mode */ ;
/*!50003 SET sql_mode              = 'NO_AUTO_VALUE_ON_ZERO' */ ;
DELIMITER ;;
CREATE DEFINER=`root`@`localhost` PROCEDURE `EncryptIDs`()
BEGIN
    DECLARE done INT DEFAULT FALSE;
    DECLARE tableName VARCHAR(100);
    DECLARE idColumn VARCHAR(100);
    DECLARE cur CURSOR FOR
        SELECT TABLE_NAME, COLUMN_NAME
        FROM information_schema.columns
        WHERE TABLE_SCHEMA = 'quanlylichtrinh' AND COLUMN_NAME LIKE 'id_%';

    DECLARE CONTINUE HANDLER FOR NOT FOUND SET done = TRUE;

    OPEN cur;

    read_loop: LOOP
        FETCH cur INTO tableName, idColumn;
        IF done THEN
            LEAVE read_loop;
        END IF;

        SET @sql = CONCAT('UPDATE ', tableName, ' SET ', idColumn, '=AES_ENCRYPT(', idColumn, ', "fuinain2409@$)(");');
        PREPARE stmt FROM @sql;
        EXECUTE stmt;
        DEALLOCATE PREPARE stmt;
    END LOOP;

    CLOSE cur;
END ;;
DELIMITER ;
/*!50003 SET sql_mode              = @saved_sql_mode */ ;
/*!50003 SET character_set_client  = @saved_cs_client */ ;
/*!50003 SET character_set_results = @saved_cs_results */ ;
/*!50003 SET collation_connection  = @saved_col_connection */ ;
/*!40103 SET TIME_ZONE=@OLD_TIME_ZONE */;

/*!40101 SET SQL_MODE=@OLD_SQL_MODE */;
/*!40014 SET FOREIGN_KEY_CHECKS=@OLD_FOREIGN_KEY_CHECKS */;
/*!40014 SET UNIQUE_CHECKS=@OLD_UNIQUE_CHECKS */;
/*!40101 SET CHARACTER_SET_CLIENT=@OLD_CHARACTER_SET_CLIENT */;
/*!40101 SET CHARACTER_SET_RESULTS=@OLD_CHARACTER_SET_RESULTS */;
/*!40101 SET COLLATION_CONNECTION=@OLD_COLLATION_CONNECTION */;
/*!40111 SET SQL_NOTES=@OLD_SQL_NOTES */;

-- Dump completed on 2024-08-25 20:42:52
